Time,0
2018-01-01 00:00:00,0.22800282
2018-01-01 00:15:00,0.22800282
2018-01-01 00:30:00,0.22800184173140603
2018-01-01 00:45:00,0.22800026929525963
2018-01-01 01:00:00,0.2279980676869231
2018-01-01 01:15:00,0.22799528874422414
2018-01-01 01:30:00,0.22799186773617808
2018-01-01 01:45:00,0.22798787974461815
2018-01-01 02:00:00,0.22798324207288578
2018-01-01 02:15:00,0.22797804311512015
2018-01-01 02:30:00,0.22797219066697977
2018-01-01 02:45:00,0.22796577933195195
2018-01-01 03:00:00,0.22795871339128315
2018-01-01 03:15:00,0.22795108867066105
2018-01-01 03:30:00,0.22794281009063921
2018-01-01 03:45:00,0.22793397129099674
2018-01-01 04:00:00,0.22792448061743592
2018-01-01 04:15:00,0.22791442728750605
2018-01-01 04:30:00,0.22790372484790283
2018-01-01 04:45:00,0.22789245671948682
2018-01-01 05:00:00,0.22788054268777014
2018-01-01 05:15:00,0.22786805962855178
2018-01-01 05:30:00,0.22785493407235996
2018-01-01 05:45:00,0.22784123604880124
2018-01-01 06:00:00,0.22782689896403935
2018-01-01 06:15:00,0.2278119860126238
2018-01-01 06:30:00,0.22779643734867605
2018-01-01 06:45:00,0.2277803095539359
2018-01-01 07:00:00,0.22776354923196873
2018-01-01 07:15:00,0.22774620670994222
2018-01-01 07:30:00,0.22772823463607872
2018-01-01 07:45:00,0.22770967752205418
2018-01-01 08:00:00,0.2276904935967355
2018-01-01 08:15:00,0.2276707220363392
2018-01-01 08:30:00,0.22765032616085273
2018-01-01 08:45:00,0.2276293403037138
2018-01-01 09:00:00,0.22760773238462295
2018-01-01 09:15:00,0.2275855323800015
2018-01-01 09:30:00,0.22756271233202952
2018-01-01 09:45:00,0.22753929832592312
2018-01-01 10:00:00,0.22751526607370665
2018-01-01 10:15:00,0.22749063820705362
2018-01-01 10:30:00,0.22746539368608032
2018-01-01 10:45:00,0.22743955209376582
2018-01-01 11:00:00,0.227413095250732
2018-01-01 11:15:00,0.22738604006116953
2018-01-01 11:30:00,0.2273583708539338
2018-01-01 11:45:00,0.22733010218905042
2018-01-01 12:00:00,0.22730122058631647
2018-01-01 12:15:00,0.227271738561811
2018-01-01 12:30:00,0.22724164454263596
2018-01-01 12:45:00,0.22721094926841406
2018-01-01 13:00:00,0.22717964282161446
2018-01-01 13:15:00,0.22714773440232938
2018-01-01 13:30:00,0.2271152155258357
2018-01-01 13:45:00,0.22708209406148305
2018-01-01 14:00:00,0.22704836276167972
2018-01-01 14:15:00,0.22701402834821005
2018-01-01 14:30:00,0.22697908463928634
2018-01-01 14:45:00,0.22694353736920958
2018-01-01 15:00:00,0.2269073812725375
2018-01-01 15:15:00,0.2268706212355039
2018-01-01 15:30:00,0.22683325277905403
2018-01-01 15:45:00,0.2267952800623994
2018-01-01 16:00:00,0.22675669928020098
2018-01-01 16:15:00,0.2267175139694515
2018-01-01 16:30:00,0.2266777209010986
2018-01-01 16:45:00,0.22663732308043183
2018-01-01 17:00:00,0.2265963177706367
2018-01-01 17:15:00,0.2265547075232982
2018-01-01 17:30:00,0.22651249002149065
2018-01-01 17:45:00,0.22646966743016794
2018-01-01 18:00:00,0.22642623779013765
2018-01-01 18:15:00,0.22638220293729305
2018-01-01 18:30:00,0.22633756121687298
2018-01-01 18:45:00,0.22629231418503815
2018-01-01 19:00:00,0.22624646044582536
2018-01-01 19:15:00,0.22620000131786072
2018-01-01 19:30:00,0.22615293562497096
2018-01-01 19:45:00,0.22610526448429313
2018-01-01 20:00:00,0.22605698690614667
2018-01-01 20:15:00,0.22600810383692704
2018-01-01 20:30:00,0.2259586144450615
2018-01-01 20:45:00,0.22590851953239904
2018-01-01 21:00:00,0.2258578184013071
2018-01-01 21:15:00,0.22580651173137828
2018-01-01 21:30:00,0.22575459893836675
2018-01-01 21:45:00,0.22570208059855518
2018-01-01 22:00:00,0.22564895622362346
2018-01-01 22:15:00,0.22559522630263157
2018-01-01 22:30:00,0.22554089042836656
2018-01-01 22:45:00,0.22548594901631197
2018-01-01 23:00:00,0.2254304017277976
2018-01-01 23:15:00,0.2253742489162957
2018-01-01 23:30:00,0.22531749030103526
2018-01-01 23:45:00,0.22526012618327018
2018-01-08 00:00:00,0.22520215633111945
2018-01-08 00:15:00,0.06778802229504854
2018-01-08 00:30:00,0.07160131557457898
2018-01-08 00:45:00,0.08034196940071847
2018-01-08 01:00:00,0.08059035371221124
2018-01-08 01:15:00,0.07608943778344074
2018-01-08 01:30:00,0.08868338286440776
2018-01-08 01:45:00,0.08918046357840485
2018-01-08 02:00:00,0.09882375468075344
2018-01-08 02:15:00,0.09797180709197045
2018-01-08 02:30:00,0.11250445001087289
2018-01-08 02:45:00,0.10512815298390558
2018-01-08 03:00:00,0.11760802853074298
2018-01-08 03:15:00,0.13076524717369015
2018-01-08 03:30:00,0.11546865605901076
2018-01-08 03:45:00,0.13301909821917768
2018-01-08 04:00:00,0.13487659992710171
2018-01-08 04:15:00,0.13931499087583515
2018-01-08 04:30:00,0.1487491420530166
2018-01-08 04:45:00,0.14326912814816395
2018-01-08 05:00:00,0.14673521052801392
2018-01-08 05:15:00,0.15625753584792457
2018-01-08 05:30:00,0.1506347812712338
2018-01-08 05:45:00,0.1543866542313475
2018-01-08 06:00:00,0.16157486483107325
2018-01-08 06:15:00,0.15502833432639018
2018-01-08 06:30:00,0.1583100432293652
2018-01-08 06:45:00,0.16328233218819038
2018-01-08 07:00:00,0.1821753276538901
2018-01-08 07:15:00,0.20332398733383533
2018-01-08 07:30:00,0.20616941226709357
2018-01-08 07:45:00,0.19959320702293576
2018-01-08 08:00:00,0.182938283199176
2018-01-08 08:15:00,0.1582829130800354
2018-01-08 08:30:00,0.14491673256039433
2018-01-08 08:45:00,0.1383340524010338
2018-01-08 09:00:00,0.1358189824051972
2018-01-08 09:15:00,0.0898100299952711
2018-01-08 09:30:00,-0.051657874346097976
2018-01-08 09:45:00,-0.056517823023661096
2018-01-08 10:00:00,-0.08727638093403195
2018-01-08 10:15:00,-0.14136048750136848
2018-01-08 10:30:00,-0.15943324151307098
2018-01-08 10:45:00,-0.1632651571994942
2018-01-08 11:00:00,-0.18038155788837235
2018-01-08 11:15:00,-0.18789785227759698
2018-01-08 11:30:00,-0.24847306768043897
2018-01-08 11:45:00,-0.2369351300955831
2018-01-08 12:00:00,-0.24676081174357795
2018-01-08 12:15:00,-0.3937995436311969
2018-01-08 12:30:00,-0.3945690399028123
2018-01-08 12:45:00,-0.3052635646438397
2018-01-08 13:00:00,-0.2753280207285878
2018-01-08 13:15:00,-0.2849417758718776
2018-01-08 13:30:00,-0.28356697163352423
2018-01-08 13:45:00,-0.2314057775425855
2018-01-08 14:00:00,-0.21318514803034117
2018-01-08 14:15:00,-0.2473656666313357
2018-01-08 14:30:00,-0.24644173185880913
2018-01-08 14:45:00,-0.23319137926114453
2018-01-08 15:00:00,-0.2887847387469787
2018-01-08 15:15:00,-0.29654885620548227
2018-01-08 15:30:00,-0.2957924116380089
2018-01-08 15:45:00,-0.2654999354209895
2018-01-08 16:00:00,-0.26316319291941515
2018-01-08 16:15:00,-0.21883350339505953
2018-01-08 16:30:00,-0.2070058957612877
2018-01-08 16:45:00,-0.22841002975760188
2018-01-08 17:00:00,-0.28421271846503654
2018-01-08 17:15:00,-0.25651284275766845
2018-01-08 17:30:00,-0.1773189109016839
2018-01-08 17:45:00,-0.14799440730391966
2018-01-08 18:00:00,-0.11759701864384753
2018-01-08 18:15:00,-0.10428363062962998
2018-01-08 18:30:00,-0.07411498371976777
2018-01-08 18:45:00,-0.045707513757896556
2018-01-08 19:00:00,-0.017447993661379446
2018-01-08 19:15:00,-0.015906750767484545
2018-01-08 19:30:00,0.021804234204809758
2018-01-08 19:45:00,0.028787003658519314
2018-01-08 20:00:00,0.0439094533052134
2018-01-08 20:15:00,0.09145256988276378
2018-01-08 20:30:00,0.11203857575793208
2018-01-08 20:45:00,0.109213589827811
2018-01-08 21:00:00,0.12142502782190134
2018-01-08 21:15:00,0.15681238388332386
2018-01-08 21:30:00,0.18608139350536101
2018-01-08 21:45:00,0.20360936311647038
2018-01-08 22:00:00,0.18015840086659407
2018-01-08 22:15:00,0.16866417765686403
2018-01-08 22:30:00,0.16414791199288642
2018-01-08 22:45:00,0.14590648232347114
2018-01-08 23:00:00,0.17982055804259994
2018-01-08 23:15:00,0.18664495746907422
2018-01-08 23:30:00,0.2017572773538322
2018-01-08 23:45:00,0.201752490913519
2018-01-15 00:00:00,0.20613399520880704
2018-01-15 00:15:00,0.1811309147890326
2018-01-15 00:30:00,0.17919587436296136
2018-01-15 00:45:00,0.18502647648103526
2018-01-15 01:00:00,0.19068419874965986
2018-01-15 01:15:00,0.1936476055502987
2018-01-15 01:30:00,0.19448289844178268
2018-01-15 01:45:00,0.19560117597664683
2018-01-15 02:00:00,0.22295411549595512
2018-01-15 02:15:00,0.23656990865156713
2018-01-15 02:30:00,0.23746539464038396
2018-01-15 02:45:00,0.2278434582016688
2018-01-15 03:00:00,0.24990869474355626
2018-01-15 03:15:00,0.25022555562431614
2018-01-15 03:30:00,0.2590624384114351
2018-01-15 03:45:00,0.26827781889262076
2018-01-15 04:00:00,0.25923567859126817
2018-01-15 04:15:00,0.24647671984393654
2018-01-15 04:30:00,0.2567729883075288
2018-01-15 04:45:00,0.2554797821450641
2018-01-15 05:00:00,0.2609850491690811
2018-01-15 05:15:00,0.26392092747082263
2018-01-15 05:30:00,0.28125799434891935
2018-01-15 05:45:00,0.27664985824295624
2018-01-15 06:00:00,0.27852211875149496
2018-01-15 06:15:00,0.2711873946199706
2018-01-15 06:30:00,0.2837460078565687
2018-01-15 06:45:00,0.27510713358071875
2018-01-15 07:00:00,0.2823742347443765
2018-01-15 07:15:00,0.2844758942373477
2018-01-15 07:30:00,0.2690175041285051
2018-01-15 07:45:00,0.24107611398817885
2018-01-15 08:00:00,0.25719471256340337
2018-01-15 08:15:00,0.18752234946752339
2018-01-15 08:30:00,0.13020860900304404
2018-01-15 08:45:00,0.15534886175354895
2018-01-15 09:00:00,0.16421586300366814
2018-01-15 09:15:00,0.15116928215257552
2018-01-15 09:30:00,0.00962921815863707
2018-01-15 09:45:00,-0.05760897639619844
2018-01-15 10:00:00,-0.09642585788434066
2018-01-15 10:15:00,-0.13867555408817744
2018-01-15 10:30:00,-0.21268495843382562
2018-01-15 10:45:00,-0.2168047213649278
2018-01-15 11:00:00,-0.20656092615349536
2018-01-15 11:15:00,-0.24593161532696156
2018-01-15 11:30:00,-0.21415466810350187
2018-01-15 11:45:00,-0.2516361341020051
2018-01-15 12:00:00,-0.29685868528779685
2018-01-15 12:15:00,-0.3505438229109427
2018-01-15 12:30:00,-0.3457368638990262
2018-01-15 12:45:00,-0.3396146157662265
2018-01-15 13:00:00,-0.3167803621127185
2018-01-15 13:15:00,-0.27681244979771685
2018-01-15 13:30:00,-0.23183276098351024
2018-01-15 13:45:00,-0.21643894658875207
2018-01-15 14:00:00,-0.32497407937745476
2018-01-15 14:15:00,-0.3172173382760501
2018-01-15 14:30:00,-0.3141174055807269
2018-01-15 14:45:00,-0.30063439062408986
2018-01-15 15:00:00,-0.3893889937266269
2018-01-15 15:15:00,-0.4714527348111968
2018-01-15 15:30:00,-0.4147996622500892
2018-01-15 15:45:00,-0.42910805438702554
2018-01-15 16:00:00,-0.47693780777310185
2018-01-15 16:15:00,-0.4540382755670099
2018-01-15 16:30:00,-0.44307382347454444
2018-01-15 16:45:00,-0.38978079189118525
2018-01-15 17:00:00,-0.3872872795505297
2018-01-15 17:15:00,-0.3236526530581811
2018-01-15 17:30:00,-0.22343760497047865
2018-01-15 17:45:00,-0.19816032871966688
2018-01-15 18:00:00,-0.13630884865429205
2018-01-15 18:15:00,-0.11835404500196067
2018-01-15 18:30:00,-0.051158625180274864
2018-01-15 18:45:00,-0.02934088877890223
2018-01-15 19:00:00,0.0043888272336859435
2018-01-15 19:15:00,0.006540706449184058
2018-01-15 19:30:00,0.057906573914398685
2018-01-15 19:45:00,0.03132901213622602
2018-01-15 20:00:00,0.028942722981103383
2018-01-15 20:15:00,0.05051176930958373
2018-01-15 20:30:00,0.06968693122940917
2018-01-15 20:45:00,0.10580954928943825
2018-01-15 21:00:00,0.11864186213527445
2018-01-15 21:15:00,0.17846023572884845
2018-01-15 21:30:00,0.2139679812186151
2018-01-15 21:45:00,0.20316167023427517
2018-01-15 22:00:00,0.19785220997004538
2018-01-15 22:15:00,0.15805920626303155
2018-01-15 22:30:00,0.17730048404091353
2018-01-15 22:45:00,0.18622600015601826
2018-01-15 23:00:00,0.1895853467834358
2018-01-15 23:15:00,0.18456710803202808
2018-01-15 23:30:00,0.19237167928096544
2018-01-15 23:45:00,0.21826565051092395
2018-01-22 00:00:00,0.23985070380253348
2018-01-22 00:15:00,0.3882676281081712
2018-01-22 00:30:00,0.40916972929299084
2018-01-22 00:45:00,0.41441017197445684
2018-01-22 01:00:00,0.4019489133762067
2018-01-22 01:15:00,0.41495429412814827
2018-01-22 01:30:00,0.4147736940597247
2018-01-22 01:45:00,0.41491195304099854
2018-01-22 02:00:00,0.4006131180835377
2018-01-22 02:15:00,0.41499927383802676
2018-01-22 02:30:00,0.43266832418177276
2018-01-22 02:45:00,0.43804873223739504
2018-01-22 03:00:00,0.439655364721027
2018-01-22 03:15:00,0.4324202735605564
2018-01-22 03:30:00,0.43494035618549426
2018-01-22 03:45:00,0.43777807467917823
2018-01-22 04:00:00,0.43364477798956297
2018-01-22 04:15:00,0.45056932974636726
2018-01-22 04:30:00,0.45256704874471526
2018-01-22 04:45:00,0.4555150526316687
2018-01-22 05:00:00,0.4431623407848812
2018-01-22 05:15:00,0.4544361368325113
2018-01-22 05:30:00,0.4646452547069099
2018-01-22 05:45:00,0.464847942882836
2018-01-22 06:00:00,0.45426995268802367
2018-01-22 06:15:00,0.4557378762439652
2018-01-22 06:30:00,0.4745812538437619
2018-01-22 06:45:00,0.46221572936146
2018-01-22 07:00:00,0.479835432405406
2018-01-22 07:15:00,0.4801298473494573
2018-01-22 07:30:00,0.48891386726791924
2018-01-22 07:45:00,0.48229552891449334
2018-01-22 08:00:00,0.4715236342898084
2018-01-22 08:15:00,0.44179690111088726
2018-01-22 08:30:00,0.4289382304312641
2018-01-22 08:45:00,0.4522089501312265
2018-01-22 09:00:00,0.4459766998923345
2018-01-22 09:15:00,0.43446313583811474
2018-01-22 09:30:00,0.30017621328666927
2018-01-22 09:45:00,0.19095249323716207
2018-01-22 10:00:00,0.14919047614892683
2018-01-22 10:15:00,0.4641534997805807
2018-01-22 10:30:00,0.019731866567964357
2018-01-22 10:45:00,-0.013143810608484796
2018-01-22 11:00:00,0.005286032153549253
2018-01-22 11:15:00,-0.098531216873959
2018-01-22 11:30:00,-0.15943731782479942
2018-01-22 11:45:00,-0.16065468558841178
2018-01-22 12:00:00,-0.15464003368519147
2018-01-22 12:15:00,-0.1214780716568421
2018-01-22 12:30:00,-0.0728206798129255
2018-01-22 12:45:00,-0.08856309329501233
2018-01-22 13:00:00,-0.12963745515918634
2018-01-22 13:15:00,-0.09249876739643259
2018-01-22 13:30:00,-0.06392416324298911
2018-01-22 13:45:00,-0.04781786706012714
2018-01-22 14:00:00,-0.07626157463811623
2018-01-22 14:15:00,-0.19034631384155748
2018-01-22 14:30:00,-0.28470440082810594
2018-01-22 14:45:00,-0.3043529232645998
2018-01-22 15:00:00,-0.309725583342277
2018-01-22 15:15:00,-0.3956493968307944
2018-01-22 15:30:00,-0.27826234694235225
2018-01-22 15:45:00,-0.31349522127287527
2018-01-22 16:00:00,-0.33254966479279574
2018-01-22 16:15:00,-0.35502787447198486
2018-01-22 16:30:00,-0.3157408100265989
2018-01-22 16:45:00,-0.33418266197506047
2018-01-22 17:00:00,-0.26361501939327975
2018-01-22 17:15:00,-0.2658964714272215
2018-01-22 17:30:00,-0.18847928616065807
2018-01-22 17:45:00,-0.18317548764154695
2018-01-22 18:00:00,-0.16264701499876405
2018-01-22 18:15:00,-0.10754542040051646
2018-01-22 18:30:00,-0.04616541048612077
2018-01-22 18:45:00,-0.003653317444372306
2018-01-22 19:00:00,0.08943770550456769
2018-01-22 19:15:00,0.11707443606343965
2018-01-22 19:30:00,0.13667892046982744
2018-01-22 19:45:00,0.15796888709869372
2018-01-22 20:00:00,0.1635999202288469
2018-01-22 20:15:00,0.20706174531623917
2018-01-22 20:30:00,0.2321475744796691
2018-01-22 20:45:00,0.2518674682422191
2018-01-22 21:00:00,0.22452489300154022
2018-01-22 21:15:00,0.23064029660939378
2018-01-22 21:30:00,0.2814072381135252
2018-01-22 21:45:00,0.2633771921528528
2018-01-22 22:00:00,0.25428223219775065
2018-01-22 22:15:00,0.30122400235737073
2018-01-22 22:30:00,0.3370961623880347
2018-01-22 22:45:00,0.3545019211808781
2018-01-22 23:00:00,0.3966161087106093
2018-01-22 23:15:00,0.4457157006231938
2018-01-22 23:30:00,0.4664151739079633
2018-01-22 23:45:00,0.4473272246091653
2018-01-29 00:00:00,0.45872065203162987
2018-01-29 00:15:00,0.524009723913972
2018-01-29 00:30:00,0.5223491204816504
2018-01-29 00:45:00,0.564874073153554
2018-01-29 01:00:00,0.5499869186461245
2018-01-29 01:15:00,0.5732240598773843
2018-01-29 01:30:00,0.5669568895594519
2018-01-29 01:45:00,0.5793666038466523
2018-01-29 02:00:00,0.5911071752246654
2018-01-29 02:15:00,0.5711360785099906
2018-01-29 02:30:00,0.5945664958615731
2018-01-29 02:45:00,0.5858159931551653
2018-01-29 03:00:00,0.5807951268046457
2018-01-29 03:15:00,0.5881071426594981
2018-01-29 03:30:00,0.575244954533297
2018-01-29 03:45:00,0.609116356913542
2018-01-29 04:00:00,0.5805239942125389
2018-01-29 04:15:00,0.6031055235497895
2018-01-29 04:30:00,0.5853079080517694
2018-01-29 04:45:00,0.6109547220720436
2018-01-29 05:00:00,0.5857934969546081
2018-01-29 05:15:00,0.5933480663413179
2018-01-29 05:30:00,0.607987250242937
2018-01-29 05:45:00,0.6024774328632247
2018-01-29 06:00:00,0.6011742845362603
2018-01-29 06:15:00,0.6036497461669201
2018-01-29 06:30:00,0.60817620757787
2018-01-29 06:45:00,0.5983074171318012
2018-01-29 07:00:00,0.6207225739062027
2018-01-29 07:15:00,0.6170860273456249
2018-01-29 07:30:00,0.6127952505389508
2018-01-29 07:45:00,0.6026743019365908
2018-01-29 08:00:00,0.602558142760625
2018-01-29 08:15:00,0.582949571766121
2018-01-29 08:30:00,0.5760370568674051
2018-01-29 08:45:00,0.5880150191106273
2018-01-29 09:00:00,0.5445808293072053
2018-01-29 09:15:00,0.4823958249180496
2018-01-29 09:30:00,0.4483053797921139
2018-01-29 09:45:00,0.37309439002407846
2018-01-29 10:00:00,0.3412800414768354
2018-01-29 10:15:00,0.2836850449409654
2018-01-29 10:30:00,0.2059405477016406
2018-01-29 10:45:00,0.1460336264795125
2018-01-29 11:00:00,-0.04649179209594123
2018-01-29 11:15:00,0.03662333695259834
2018-01-29 11:30:00,-0.004481564021934642
2018-01-29 11:45:00,0.007452191106745165
2018-01-29 12:00:00,-0.02795306170254902
2018-01-29 12:15:00,-0.0725163423521642
2018-01-29 12:30:00,-0.0744485176634086
2018-01-29 12:45:00,-0.026683626482627898
2018-01-29 13:00:00,0.009737523720758173
2018-01-29 13:15:00,0.007390433458237977
2018-01-29 13:30:00,0.012056646450414321
2018-01-29 13:45:00,0.0702368998447408
2018-01-29 14:00:00,0.2079869928748131
2018-01-29 14:15:00,0.21120058030062128
2018-01-29 14:30:00,0.17164819765786493
2018-01-29 14:45:00,0.12227164119153082
2018-01-29 15:00:00,0.05164632978562034
2018-01-29 15:15:00,0.00319435588334982
2018-01-29 15:30:00,-0.0709364134402431
2018-01-29 15:45:00,-0.21395970132493863
2018-01-29 16:00:00,-0.19000248096296818
2018-01-29 16:15:00,-0.1706202311167367
2018-01-29 16:30:00,-0.13614194183914397
2018-01-29 16:45:00,-0.1242322383421296
2018-01-29 17:00:00,-0.09971350088489589
2018-01-29 17:15:00,-0.09101102593312899
2018-01-29 17:30:00,0.018875260250973358
2018-01-29 17:45:00,0.4941864171400713
2018-01-29 18:00:00,0.16089217983305637
2018-01-29 18:15:00,0.18216578758426288
2018-01-29 18:30:00,0.23062942062774822
2018-01-29 18:45:00,0.2616517479021722
2018-01-29 19:00:00,0.2954343957012772
2018-01-29 19:15:00,0.2837800485697391
2018-01-29 19:30:00,0.29856555476978547
2018-01-29 19:45:00,0.29321518409516284
2018-01-29 20:00:00,0.3417437361346633
2018-01-29 20:15:00,0.33538325769242877
2018-01-29 20:30:00,0.37484398216193726
2018-01-29 20:45:00,0.4783382151708798
2018-01-29 21:00:00,0.4954373435246057
2018-01-29 21:15:00,0.5007272956705362
2018-01-29 21:30:00,0.5174412828069612
2018-01-29 21:45:00,0.5354987442585745
2018-01-29 22:00:00,0.5056081826508143
2018-01-29 22:15:00,0.5137057277325248
2018-01-29 22:30:00,0.515637883179564
2018-01-29 22:45:00,0.5140272352908026
2018-01-29 23:00:00,0.5320907983570873
2018-01-29 23:15:00,0.5301645710590205
2018-01-29 23:30:00,0.5402427172643367
2018-01-29 23:45:00,0.5651925845598627
2018-07-02 00:00:00,0.5652120866007648
2018-07-02 00:15:00,0.41581682850690405
2018-07-02 00:30:00,0.4154072594961527
2018-07-02 00:45:00,0.4804073247798572
2018-07-02 01:00:00,0.5287280891607657
2018-07-02 01:15:00,0.5339238778637958
2018-07-02 01:30:00,0.533694243636049
2018-07-02 01:45:00,0.5432979026501926
2018-07-02 02:00:00,0.5295499945055899
2018-07-02 02:15:00,0.5410905728727389
2018-07-02 02:30:00,0.5413748330125001
2018-07-02 02:45:00,0.5481919271740427
2018-07-02 03:00:00,0.5690435633689115
2018-07-02 03:15:00,0.5532093372346676
2018-07-02 03:30:00,0.5461869006411664
2018-07-02 03:45:00,0.5783765708452044
2018-07-02 04:00:00,0.5764103084303407
2018-07-02 04:15:00,0.5716053977705049
2018-07-02 04:30:00,0.5992143961280447
2018-07-02 04:45:00,0.6176285543037224
2018-07-02 05:00:00,0.6062475468923844
2018-07-02 05:15:00,0.6128404240670237
2018-07-02 05:30:00,0.6199244697527113
2018-07-02 05:45:00,0.6310938073958409
2018-07-02 06:00:00,0.6176299513065999
2018-07-02 06:15:00,0.6171124918898996
2018-07-02 06:30:00,0.6174683268209635
2018-07-02 06:45:00,0.6375543731032269
2018-07-02 07:00:00,0.6380619455753083
2018-07-02 07:15:00,0.6373987110552011
2018-07-02 07:30:00,0.6286734710003858
2018-07-02 07:45:00,0.6280056700365766
2018-07-02 08:00:00,0.5896708332797793
2018-07-02 08:15:00,0.5772701907747557
2018-07-02 08:30:00,0.5597845409406847
2018-07-02 08:45:00,0.545234073476925
2018-07-02 09:00:00,0.5459627701852715
2018-07-02 09:15:00,0.48387355028240336
2018-07-02 09:30:00,0.3857348834899931
2018-07-02 09:45:00,0.30755860067496116
2018-07-02 10:00:00,0.05718420789608773
2018-07-02 10:15:00,-0.3167087883972703
2018-07-02 10:30:00,-0.4057672940525487
2018-07-02 10:45:00,-0.4031212441480814
2018-07-02 11:00:00,-0.2944591025029229
2018-07-02 11:15:00,-0.2930175093188317
2018-07-02 11:30:00,-0.306670980135411
2018-07-02 11:45:00,-0.24412395687067923
2018-07-02 12:00:00,-0.27030259538659585
2018-07-02 12:15:00,-0.23652383311681197
2018-07-02 12:30:00,-0.26188073383023175
2018-07-02 12:45:00,-0.26081194692863535
2018-07-02 13:00:00,-0.27444971550986536
2018-07-02 13:15:00,-0.21415449198219055
2018-07-02 13:30:00,-0.09018199746293348
2018-07-02 13:45:00,-0.058889956371806496
2018-07-02 14:00:00,-0.03461798765049723
2018-07-02 14:15:00,-0.03775121883233218
2018-07-02 14:30:00,-0.06633993912731045
2018-07-02 14:45:00,-0.12679505365683813
2018-07-02 15:00:00,-0.1601901920835091
2018-07-02 15:15:00,-0.1494369218772516
2018-07-02 15:30:00,-0.16618245212913474
2018-07-02 15:45:00,-0.14894893155236943
2018-07-02 16:00:00,-0.06948067649093598
2018-07-02 16:15:00,-0.09261731974930332
2018-07-02 16:30:00,-0.07389992160440911
2018-07-02 16:45:00,-0.05782743435540233
2018-07-02 17:00:00,-0.025375221372656576
2018-07-02 17:15:00,-0.007049850409132252
2018-07-02 17:30:00,-0.00894511649413171
2018-07-02 17:45:00,-0.007040934572413143
2018-07-02 18:00:00,0.032286192680403336
2018-07-02 18:15:00,0.09607453932734226
2018-07-02 18:30:00,0.13109792063622977
2018-07-02 18:45:00,0.13491085588313023
2018-07-02 19:00:00,0.12845376684860416
2018-07-02 19:15:00,0.10695441967829367
2018-07-02 19:30:00,0.18025114009833898
2018-07-02 19:45:00,0.21911769256991226
2018-07-02 20:00:00,0.2599863761259622
2018-07-02 20:15:00,0.33045653776953854
2018-07-02 20:30:00,0.34659479600039633
2018-07-02 20:45:00,0.37954792143845695
2018-07-02 21:00:00,0.34570365465107517
2018-07-02 21:15:00,0.35720049786020547
2018-07-02 21:30:00,0.41292014832726287
2018-07-02 21:45:00,0.4272231399578696
2018-07-02 22:00:00,0.42065753896193553
2018-07-02 22:15:00,0.41867722461059353
2018-07-02 22:30:00,0.4714892131045293
2018-07-02 22:45:00,0.492945364298358
2018-07-02 23:00:00,0.4905139575287926
2018-07-02 23:15:00,0.4750398842550978
2018-07-02 23:30:00,0.48620413658544215
2018-07-02 23:45:00,0.4869926462297933
2018-07-09 00:00:00,0.4866745704204115
2018-07-09 00:15:00,0.5785928443496027
2018-07-09 00:30:00,0.5748351420899067
2018-07-09 00:45:00,0.5832348107102157
2018-07-09 01:00:00,0.5795039291963879
2018-07-09 01:15:00,0.5559251209335805
2018-07-09 01:30:00,0.58606656844293
2018-07-09 01:45:00,0.599773580130351
2018-07-09 02:00:00,0.6044912482955049
2018-07-09 02:15:00,0.5861228167398331
2018-07-09 02:30:00,0.5791329030736142
2018-07-09 02:45:00,0.5814829164633508
2018-07-09 03:00:00,0.5883243863261074
2018-07-09 03:15:00,0.5884281170211578
2018-07-09 03:30:00,0.6042988228448012
2018-07-09 03:45:00,0.5840341687789938
2018-07-09 04:00:00,0.5538457168715112
2018-07-09 04:15:00,0.5243498232145762
2018-07-09 04:30:00,0.5399481167251914
2018-07-09 04:45:00,0.5703294753864476
2018-07-09 05:00:00,0.5998121119882616
2018-07-09 05:15:00,0.6163166726473885
2018-07-09 05:30:00,0.6364787318859809
2018-07-09 05:45:00,0.5913055579414395
2018-07-09 06:00:00,0.6312459946851272
2018-07-09 06:15:00,0.6281294161492541
2018-07-09 06:30:00,0.6379899911301092
2018-07-09 06:45:00,0.6233858205282368
2018-07-09 07:00:00,0.6377255423814152
2018-07-09 07:15:00,0.6232604843429488
2018-07-09 07:30:00,0.5872873076149976
2018-07-09 07:45:00,0.5586785965496357
2018-07-09 08:00:00,0.559631683539132
2018-07-09 08:15:00,0.5905740219767889
2018-07-09 08:30:00,0.601196333003305
2018-07-09 08:45:00,0.5905738778517494
2018-07-09 09:00:00,0.5668242346551027
2018-07-09 09:15:00,0.5445434580341215
2018-07-09 09:30:00,0.5346933256100783
2018-07-09 09:45:00,0.5079659004374284
2018-07-09 10:00:00,0.4455991821280374
2018-07-09 10:15:00,0.3682565044594248
2018-07-09 10:30:00,0.3653166020366989
2018-07-09 10:45:00,0.7018925436883477
2018-07-09 11:00:00,0.29695469359876786
2018-07-09 11:15:00,0.21120642902571324
2018-07-09 11:30:00,0.18218249794269764
2018-07-09 11:45:00,0.17845971495612817
2018-07-09 12:00:00,0.16927496994897423
2018-07-09 12:15:00,0.12317945376858959
2018-07-09 12:30:00,0.12634471910128625
2018-07-09 12:45:00,0.11145684176676451
2018-07-09 13:00:00,0.11825220243509804
2018-07-09 13:15:00,0.11570407798780091
2018-07-09 13:30:00,1.3650252807212464
2018-07-09 13:45:00,0.7545658586020954
2018-07-09 14:00:00,1.0449612468283043
2018-07-09 14:15:00,0.911263736401704
2018-07-09 14:30:00,0.9657278593211784
2018-07-09 14:45:00,0.9477740482924413
2018-07-09 15:00:00,0.9463814632838328
2018-07-09 15:15:00,0.9545282014094758
2018-07-09 15:30:00,0.9417429899364356
2018-07-09 15:45:00,0.9540824620723825
2018-07-09 16:00:00,0.9405644493317689
2018-07-09 16:15:00,0.9520334487183971
2018-07-09 16:30:00,0.9400723233811741
2018-07-09 16:45:00,0.9497454058043813
2018-07-09 17:00:00,0.9396048839557717
2018-07-09 17:15:00,0.9475306599943222
2018-07-09 17:30:00,1.1340532001573784
2018-07-09 17:45:00,1.3377722540563326
2018-07-09 18:00:00,0.2511864030212168
2018-07-09 18:15:00,0.27957113194597966
2018-07-09 18:30:00,0.32709951895921224
2018-07-09 18:45:00,0.36379881188708885
2018-07-09 19:00:00,0.3984105660938582
2018-07-09 19:15:00,0.3927285350291941
2018-07-09 19:30:00,0.8409161598280831
2018-07-09 19:45:00,0.3942474525891377
2018-07-09 20:00:00,0.403682215992488
2018-07-09 20:15:00,0.471866034520953
2018-07-09 20:30:00,0.43622560158715273
2018-07-09 20:45:00,0.4558839183869957
2018-07-09 21:00:00,0.4448170798125835
2018-07-09 21:15:00,0.45189827041125546
2018-07-09 21:30:00,0.4473749226769044
2018-07-09 21:45:00,0.45094477968167956
2018-07-09 22:00:00,0.44838604224377515
2018-07-09 22:15:00,0.4507757494987845
2018-07-09 22:30:00,0.44897820286986045
2018-07-09 22:45:00,0.45082380764423985
2018-07-09 23:00:00,0.44943831512098104
2018-07-09 23:15:00,0.45094263560887166
2018-07-09 23:30:00,0.4498421972280057
2018-07-09 23:45:00,0.4510919745220842
2018-07-16 00:00:00,0.4502121713935117
2018-07-16 00:15:00,0.5219790041642882
2018-07-16 00:30:00,0.5220930282949187
2018-07-16 00:45:00,0.5174446962818073
2018-07-16 01:00:00,0.5288917543872971
2018-07-16 01:15:00,0.5221703141607368
2018-07-16 01:30:00,0.5196877374817906
2018-07-16 01:45:00,0.5038829871546228
2018-07-16 02:00:00,0.5240946590766441
2018-07-16 02:15:00,0.5224026398064785
2018-07-16 02:30:00,0.5400866530696171
2018-07-16 02:45:00,0.5408105258301852
2018-07-16 03:00:00,0.553781049047203
2018-07-16 03:15:00,0.5362759713956384
2018-07-16 03:30:00,0.5307172852687192
2018-07-16 03:45:00,0.542921416202532
2018-07-16 04:00:00,0.5149126781861035
2018-07-16 04:15:00,0.5607177700841097
2018-07-16 04:30:00,0.6181230542569027
2018-07-16 04:45:00,0.6297120855774971
2018-07-16 05:00:00,0.6202313627928857
2018-07-16 05:15:00,0.6223698564391014
2018-07-16 05:30:00,0.6221932022707635
2018-07-16 05:45:00,0.6311374159404632
2018-07-16 06:00:00,0.6356269772889728
2018-07-16 06:15:00,0.6308098904943613
2018-07-16 06:30:00,0.6397238338308393
2018-07-16 06:45:00,0.6578957290315702
2018-07-16 07:00:00,0.6486464260879641
2018-07-16 07:15:00,0.6436247412828475
2018-07-16 07:30:00,0.6298610041306183
2018-07-16 07:45:00,0.622500354479421
2018-07-16 08:00:00,0.6156598237825993
2018-07-16 08:15:00,0.5946784729561885
2018-07-16 08:30:00,0.49183679183330103
2018-07-16 08:45:00,0.42892415840994513
2018-07-16 09:00:00,0.3678327138495463
2018-07-16 09:15:00,0.2208634475507819
2018-07-16 09:30:00,1.0805430971246843
2018-07-16 09:45:00,0.23393217520556248
2018-07-16 10:00:00,0.09110135929295564
2018-07-16 10:15:00,0.0670624731277187
2018-07-16 10:30:00,0.002339108623042624
2018-07-16 10:45:00,-0.132213086420774
2018-07-16 11:00:00,-0.25881281699574904
2018-07-16 11:15:00,-0.2538782782665951
2018-07-16 11:30:00,-0.3351989641826851
2018-07-16 11:45:00,-0.28534094164144713
2018-07-16 12:00:00,-0.29700228434687065
2018-07-16 12:15:00,-0.26999549213271895
2018-07-16 12:30:00,-0.1977761105036538
2018-07-16 12:45:00,-0.1874237819825107
2018-07-16 13:00:00,-0.1629826171212781
2018-07-16 13:15:00,-0.09196065462875908
2018-07-16 13:30:00,-0.061504026193361094
2018-07-16 13:45:00,-0.012572900838326906
2018-07-16 14:00:00,-0.09304176471348219
2018-07-16 14:15:00,-0.08750834347820852
2018-07-16 14:30:00,-0.09552126563847707
2018-07-16 14:45:00,-0.1293026670817321
2018-07-16 15:00:00,-0.10990521758100863
2018-07-16 15:15:00,-0.03376509602902428
2018-07-16 15:30:00,-0.013426489959251747
2018-07-16 15:45:00,-3.09857039869077e-05
2018-07-16 16:00:00,0.013493796187844104
2018-07-16 16:15:00,0.017550884417111
2018-07-16 16:30:00,0.05161157775447178
2018-07-16 16:45:00,0.09691659525798163
2018-07-16 17:00:00,0.07641767788898068
2018-07-16 17:15:00,0.12522960073675204
2018-07-16 17:30:00,0.12619934521793869
2018-07-16 17:45:00,0.14693467450285164
2018-07-16 18:00:00,0.5747162592775751
2018-07-16 18:15:00,0.15758841357545172
2018-07-16 18:30:00,0.15704250164638683
2018-07-16 18:45:00,0.26273794889962787
2018-07-16 19:00:00,0.2809611516329111
2018-07-16 19:15:00,0.2699100837677591
2018-07-16 19:30:00,0.25919948887762906
2018-07-16 19:45:00,0.32012672030216266
2018-07-16 20:00:00,0.38199264299175634
2018-07-16 20:15:00,0.42822562890630234
2018-07-16 20:30:00,0.4334427302231976
2018-07-16 20:45:00,0.45780153298711024
2018-07-16 21:00:00,0.46840511050435957
2018-07-16 21:15:00,0.4828522584201361
2018-07-16 21:30:00,0.4779855045450701
2018-07-16 21:45:00,0.47346124114002613
2018-07-16 22:00:00,0.47128346205189137
2018-07-16 22:15:00,0.46643831281005893
2018-07-16 22:30:00,0.4851011357508882
2018-07-16 22:45:00,0.4596989874250333
2018-07-16 23:00:00,0.4347475803044801
2018-07-16 23:15:00,0.46385173121212586
2018-07-16 23:30:00,0.45816269974981344
2018-07-16 23:45:00,0.4797016572960892
2018-07-23 00:00:00,0.48364149172360477
2018-07-23 00:15:00,0.5435678922352323
2018-07-23 00:30:00,0.5573733081276513
2018-07-23 00:45:00,0.5640699965485629
2018-07-23 01:00:00,0.5686028642755909
2018-07-23 01:15:00,0.5843886463520744
2018-07-23 01:30:00,0.5707725313249784
2018-07-23 01:45:00,0.5747794282630102
2018-07-23 02:00:00,0.5864537136537951
2018-07-23 02:15:00,0.574630856870427
2018-07-23 02:30:00,0.604193248465111
2018-07-23 02:45:00,0.6225727005577913
2018-07-23 03:00:00,0.6359643156493068
2018-07-23 03:15:00,0.6382254709546138
2018-07-23 03:30:00,0.6400603722607257
2018-07-23 03:45:00,0.6514003712745384
2018-07-23 04:00:00,0.6419610764523607
2018-07-23 04:15:00,0.6530037246050244
2018-07-23 04:30:00,0.648387863281553
2018-07-23 04:45:00,0.6569568569673656
2018-07-23 05:00:00,0.659310885671393
2018-07-23 05:15:00,0.6609858697188772
2018-07-23 05:30:00,0.6723954467343343
2018-07-23 05:45:00,0.6628177243487472
2018-07-23 06:00:00,0.6716290644962499
2018-07-23 06:15:00,0.6737107551969019
2018-07-23 06:30:00,0.6778619936694441
2018-07-23 06:45:00,0.6753795222783653
2018-07-23 07:00:00,0.6748925160987972
2018-07-23 07:15:00,0.6792602824805561
2018-07-23 07:30:00,0.6628807569671081
2018-07-23 07:45:00,0.6441567562634041
2018-07-23 08:00:00,0.6232247246152915
2018-07-23 08:15:00,0.5839953551929742
2018-07-23 08:30:00,0.4374078742877959
2018-07-23 08:45:00,0.35366336381195146
2018-07-23 09:00:00,0.34960095482739045
2018-07-23 09:15:00,0.34704994368919423
2018-07-23 09:30:00,0.07827512202111035
2018-07-23 09:45:00,0.04071701821612972
2018-07-23 10:00:00,0.13332540862393133
2018-07-23 10:15:00,0.10251660221179454
2018-07-23 10:30:00,0.017344024989461776
2018-07-23 10:45:00,-0.05259602131713709
2018-07-23 11:00:00,-0.0782732565623242
2018-07-23 11:15:00,-0.06738748748721579
2018-07-23 11:30:00,-0.06764528853039403
2018-07-23 11:45:00,-0.10691745182260198
2018-07-23 12:00:00,-0.08045488758484465
2018-07-23 12:15:00,-0.07991175605868861
2018-07-23 12:30:00,-0.0036963408959354016
2018-07-23 12:45:00,-0.020491061603619243
2018-07-23 13:00:00,0.020236325287379647
2018-07-23 13:15:00,0.0679066458136763
2018-07-23 13:30:00,0.06543877959734072
2018-07-23 13:45:00,0.05288388928340215
2018-07-23 14:00:00,0.0024906115966963904
2018-07-23 14:15:00,0.005388465454915697
2018-07-23 14:30:00,-0.030487294883210392
2018-07-23 14:45:00,-0.0942255401299355
2018-07-23 15:00:00,-0.09614599713202715
2018-07-23 15:15:00,-0.09736119692011352
2018-07-23 15:30:00,-0.07867830889574684
2018-07-23 15:45:00,-0.1048085251307439
2018-07-23 16:00:00,-0.09576777506167
2018-07-23 16:15:00,-0.021124292885883855
2018-07-23 16:30:00,-0.07965397308132932
2018-07-23 16:45:00,-0.15972844685239124
2018-07-23 17:00:00,-0.08837543035799228
2018-07-23 17:15:00,-0.08195983062706053
2018-07-23 17:30:00,-0.03884972760006128
2018-07-23 17:45:00,0.01572872844372089
2018-07-23 18:00:00,0.06588770947742073
2018-07-23 18:15:00,0.08586736599599332
2018-07-23 18:30:00,0.09688390967147092
2018-07-23 18:45:00,0.10512387726324786
2018-07-23 19:00:00,0.1960810899174109
2018-07-23 19:15:00,0.23936238836774898
2018-07-23 19:30:00,0.29548566881719834
2018-07-23 19:45:00,0.32942301910718946
2018-07-23 20:00:00,0.44925501509571963
2018-07-23 20:15:00,1.25739587806439
2018-07-23 20:30:00,0.4246865119630571
2018-07-23 20:45:00,0.44040376913507173
2018-07-23 21:00:00,0.4781303151039878
2018-07-23 21:15:00,0.455840322202638
2018-07-23 21:30:00,0.48786881580403296
2018-07-23 21:45:00,0.46632754822642614
2018-07-23 22:00:00,0.48413663266361723
2018-07-23 22:15:00,0.43075371801690776
2018-07-23 22:30:00,0.4254606215478945
2018-07-23 22:45:00,0.41532854499273675
2018-07-23 23:00:00,0.4018475209808719
2018-07-23 23:15:00,0.3951721328764996
2018-07-23 23:30:00,0.4172180181173091
2018-07-23 23:45:00,0.4415786702043754
2018-07-30 00:00:00,0.46268317844607876
2018-07-30 00:15:00,0.46495335321483994
2018-07-30 00:30:00,0.494129800825778
2018-07-30 00:45:00,0.4951183772621116
2018-07-30 01:00:00,0.5050170454866906
2018-07-30 01:15:00,0.48838037274238844
2018-07-30 01:30:00,0.4974582143156413
2018-07-30 01:45:00,0.4884257741094217
2018-07-30 02:00:00,0.4991924552810777
2018-07-30 02:15:00,0.5066938576809346
2018-07-30 02:30:00,0.5102851684661595
2018-07-30 02:45:00,0.5202345528528476
2018-07-30 03:00:00,0.5373593983216619
2018-07-30 03:15:00,0.5407282058567697
2018-07-30 03:30:00,0.5483284965713694
2018-07-30 03:45:00,0.551891875754319
2018-07-30 04:00:00,0.5478728360654477
2018-07-30 04:15:00,0.5377670426944283
2018-07-30 04:30:00,0.5472537822203938
2018-07-30 04:45:00,0.5580474267214717
2018-07-30 05:00:00,0.5583173117627704
2018-07-30 05:15:00,0.5553354828046033
2018-07-30 05:30:00,0.5554864475659178
2018-07-30 05:45:00,0.5640244445189784
2018-07-30 06:00:00,0.5710585127101935
2018-07-30 06:15:00,0.5545156602417897
2018-07-30 06:30:00,0.5520620026249579
2018-07-30 06:45:00,0.5699865265928968
2018-07-30 07:00:00,0.5791749715906316
2018-07-30 07:15:00,0.6289250956793951
2018-07-30 07:30:00,0.6430907708968154
2018-07-30 07:45:00,0.6239058223800408
2018-07-30 08:00:00,0.5987332969580118
2018-07-30 08:15:00,0.581874936823275
2018-07-30 08:30:00,0.5818993707735196
2018-07-30 08:45:00,0.5356900060276157
2018-07-30 09:00:00,0.5328347534754588
2018-07-30 09:15:00,0.5032287359774883
2018-07-30 09:30:00,0.4658833313066269
2018-07-30 09:45:00,0.2604809764140729
2018-07-30 10:00:00,-0.10957575849526552
2018-07-30 10:15:00,-0.1933935441270448
2018-07-30 10:30:00,-0.21446308748421955
2018-07-30 10:45:00,-0.2696689472498527
2018-07-30 11:00:00,-0.2661654089053466
2018-07-30 11:15:00,-0.23825466986519572
2018-07-30 11:30:00,-0.23909217261006183
2018-07-30 11:45:00,-0.32105499120192155
2018-07-30 12:00:00,-0.28416262632041484
2018-07-30 12:15:00,-0.238987633405093
2018-07-30 12:30:00,-0.24533514453917182
2018-07-30 12:45:00,-0.20783978406843556
2018-07-30 13:00:00,-0.1953590217561274
2018-07-30 13:15:00,-0.19476203088406674
2018-07-30 13:30:00,-0.1847760582684233
2018-07-30 13:45:00,-0.14525768988026283
2018-07-30 14:00:00,-0.17375237825634393
2018-07-30 14:15:00,-0.1898747226645187
2018-07-30 14:30:00,-0.23423165936796636
2018-07-30 14:45:00,-0.243690701177311
2018-07-30 15:00:00,-0.25798703117301247
2018-07-30 15:15:00,-0.29926885784909113
2018-07-30 15:30:00,-0.25238964659487967
2018-07-30 15:45:00,-0.22851263394449017
2018-07-30 16:00:00,-0.20714309745532694
2018-07-30 16:15:00,-0.22445147832895812
2018-07-30 16:30:00,-0.22868975195437263
2018-07-30 16:45:00,-0.17054669471144468
2018-07-30 17:00:00,-0.11920718989154622
2018-07-30 17:15:00,-0.07726362281818605
2018-07-30 17:30:00,-0.11290287334640259
2018-07-30 17:45:00,-0.10621782663176099
2018-07-30 18:00:00,-0.006713605609792589
2018-07-30 18:15:00,0.11984077198079397
2018-07-30 18:30:00,0.09844419496400242
2018-07-30 18:45:00,0.09059701748798617
2018-07-30 19:00:00,0.11485857192553789
2018-07-30 19:15:00,0.1053234336608831
2018-07-30 19:30:00,0.15635643299576762
2018-07-30 19:45:00,0.2229668813208014
2018-07-30 20:00:00,0.25120417724235056
2018-07-30 20:15:00,0.2350723682559725
2018-07-30 20:30:00,0.2535007513172476
2018-07-30 20:45:00,0.31771360592379744
2018-07-30 21:00:00,0.34805992191945856
2018-07-30 21:15:00,0.4163011097841646
2018-07-30 21:30:00,0.40130904434229375
2018-07-30 21:45:00,0.39089659927708204
2018-07-30 22:00:00,0.41917079829367526
2018-07-30 22:15:00,0.3888778038353905
2018-07-30 22:30:00,0.4162616704225998
2018-07-30 22:45:00,0.4141616710797011
2018-07-30 23:00:00,0.3840892114946504
2018-07-30 23:15:00,0.3838941875663578
2018-07-30 23:30:00,0.39762419291756945
2018-07-30 23:45:00,0.4044577037146817
2018-08-06 00:00:00,0.4363214530089145
2018-08-06 00:15:00,0.5004782328257591
2018-08-06 00:30:00,0.5144171646362157
2018-08-06 00:45:00,0.5162004701550308
2018-08-06 01:00:00,0.5298985479184755
2018-08-06 01:15:00,0.5364213617837179
2018-08-06 01:30:00,0.5408436907284131
2018-08-06 01:45:00,0.5404916086237788
2018-08-06 02:00:00,0.5174429066632473
2018-08-06 02:15:00,0.5464951267263651
2018-08-06 02:30:00,0.5628848033031018
2018-08-06 02:45:00,0.5644106584177033
2018-08-06 03:00:00,0.5713592058928182
2018-08-06 03:15:00,0.568448125998877
2018-08-06 03:30:00,0.5683554198883951
2018-08-06 03:45:00,0.6271402957930986
2018-08-06 04:00:00,0.6550952008944181
2018-08-06 04:15:00,0.6632515692608927
2018-08-06 04:30:00,0.6793667732039944
2018-08-06 04:45:00,0.6785565235531046
2018-08-06 05:00:00,0.678378242943403
2018-08-06 05:15:00,0.6799076710799875
2018-08-06 05:30:00,0.6751379432811639
2018-08-06 05:45:00,0.6834760194292259
2018-08-06 06:00:00,0.6925174516432251
2018-08-06 06:15:00,0.6894873023247137
2018-08-06 06:30:00,0.7005897876131548
2018-08-06 06:45:00,0.7160247410859283
2018-08-06 07:00:00,0.7202850679683429
2018-08-06 07:15:00,0.7150274283910193
2018-08-06 07:30:00,0.7214125345508022
2018-08-06 07:45:00,0.6798099095548547
2018-08-06 08:00:00,0.658214970924742
2018-08-06 08:15:00,0.655701737807814
2018-08-06 08:30:00,0.6230398614849539
2018-08-06 08:45:00,0.5242857238940686
2018-08-06 09:00:00,0.37681554748491103
2018-08-06 09:15:00,0.3917552738156879
2018-08-06 09:30:00,0.35386358182850625
2018-08-06 09:45:00,0.33862237054565886
2018-08-06 10:00:00,0.22558591139345113
2018-08-06 10:15:00,-0.08496617391218036
2018-08-06 10:30:00,-0.09083483587225133
2018-08-06 10:45:00,-0.12762914250670065
2018-08-06 11:00:00,-0.24769495410579312
2018-08-06 11:15:00,-0.29251523521295913
2018-08-06 11:30:00,-0.21267974899889902
2018-08-06 11:45:00,-0.18979480514054353
2018-08-06 12:00:00,-0.15171984444937764
2018-08-06 12:15:00,-0.10613453193970113
2018-08-06 12:30:00,-0.05413548705750565
2018-08-06 12:45:00,-0.040750551770173615
2018-08-06 13:00:00,-0.03934833157355333
2018-08-06 13:15:00,-0.02865072531491747
2018-08-06 13:30:00,0.005001587528359996
2018-08-06 13:45:00,-0.04812424507451202
2018-08-06 14:00:00,-0.1842882129964432
2018-08-06 14:15:00,-0.2088677012257954
2018-08-06 14:30:00,-0.17433892735210244
2018-08-06 14:45:00,-0.14796797412325952
2018-08-06 15:00:00,-0.23905864845115737
2018-08-06 15:15:00,-0.27585886150136935
2018-08-06 15:30:00,-0.2200710210534324
2018-08-06 15:45:00,-0.12093171791296797
2018-08-06 16:00:00,-0.09214599856916311
2018-08-06 16:15:00,-0.08305549134694412
2018-08-06 16:30:00,-0.10489673004723027
2018-08-06 16:45:00,-0.08014391309272778
2018-08-06 17:00:00,-0.04671439967768265
2018-08-06 17:15:00,-0.02177250810614695
2018-08-06 17:30:00,-0.032016784006818066
2018-08-06 17:45:00,-0.021143536927295203
2018-08-06 18:00:00,0.002982236985700465
2018-08-06 18:15:00,0.05977529751655253
2018-08-06 18:30:00,0.04987610878928883
2018-08-06 18:45:00,0.07849139109376053
2018-08-06 19:00:00,0.09625464382212223
2018-08-06 19:15:00,0.10892244703599557
2018-08-06 19:30:00,0.18797323606528138
2018-08-06 19:45:00,0.2175763208627436
2018-08-06 20:00:00,0.2318265967982383
2018-08-06 20:15:00,0.25894172432704754
2018-08-06 20:30:00,0.28693686059622897
2018-08-06 20:45:00,0.28896354684377273
2018-08-06 21:00:00,0.3073824386500838
2018-08-06 21:15:00,0.3529919641977856
2018-08-06 21:30:00,0.3899323631271237
2018-08-06 21:45:00,0.43536581181079054
2018-08-06 22:00:00,0.4540114605873848
2018-08-06 22:15:00,0.4602672650959328
2018-08-06 22:30:00,0.45353711326123863
2018-08-06 22:45:00,0.4596769520883133
2018-08-06 23:00:00,0.44392005984441746
2018-08-06 23:15:00,0.4430084799414253
2018-08-06 23:30:00,0.43193784987623884
2018-08-06 23:45:00,0.4013365344541657
2018-08-13 00:00:00,0.4150573139245297
2018-08-13 00:15:00,0.5996536816363596
2018-08-13 00:30:00,0.5811320540140361
2018-08-13 00:45:00,0.5781922508764132
2018-08-13 01:00:00,0.5480914965722904
2018-08-13 01:15:00,0.5429309842483159
2018-08-13 01:30:00,0.558462055769999
2018-08-13 01:45:00,0.5699106492242656
2018-08-13 02:00:00,0.619260853427879
2018-08-13 02:15:00,0.6359919875247646
2018-08-13 02:30:00,0.6549312364616275
2018-08-13 02:45:00,0.651284711433295
2018-08-13 03:00:00,0.6423579803230062
2018-08-13 03:15:00,0.6593187148098569
2018-08-13 03:30:00,0.7008083853702125
2018-08-13 03:45:00,0.6907720675795299
2018-08-13 04:00:00,0.6926441262245586
2018-08-13 04:15:00,0.696504068977686
2018-08-13 04:30:00,0.6960876763467676
2018-08-13 04:45:00,0.68621516007387
2018-08-13 05:00:00,0.6947865539953284
2018-08-13 05:15:00,0.6988634634436767
2018-08-13 05:30:00,0.6936715212789759
2018-08-13 05:45:00,0.6976144113638522
2018-08-13 06:00:00,0.7153638010703144
2018-08-13 06:15:00,0.7057769394259807
2018-08-13 06:30:00,0.666105144730136
2018-08-13 06:45:00,0.6584260373598629
2018-08-13 07:00:00,0.6717199557958182
2018-08-13 07:15:00,0.6734709979884738
2018-08-13 07:30:00,0.6934296849880448
2018-08-13 07:45:00,0.6794136177031838
2018-08-13 08:00:00,0.6898086233995588
2018-08-13 08:15:00,0.6760598448203352
2018-08-13 08:30:00,0.6611117777066624
2018-08-13 08:45:00,0.5354550815374639
2018-08-13 09:00:00,0.46680949139070843
2018-08-13 09:15:00,0.47886667627174845
2018-08-13 09:30:00,0.4024631999222036
2018-08-13 09:45:00,0.2352797714111346
2018-08-13 10:00:00,0.0872512674875438
2018-08-13 10:15:00,0.016417472311494458
2018-08-13 10:30:00,-0.05260517927545916
2018-08-13 10:45:00,-0.05939469296032418
2018-08-13 11:00:00,-0.020203671796641648
2018-08-13 11:15:00,-0.05835190957843556
2018-08-13 11:30:00,-0.12285902155163503
2018-08-13 11:45:00,-0.12254228016365909
2018-08-13 12:00:00,-0.08335459103045778
2018-08-13 12:15:00,-0.10082586014700273
2018-08-13 12:30:00,-0.10802200107155324
2018-08-13 12:45:00,-0.05695731875706167
2018-08-13 13:00:00,-0.010852974517056885
2018-08-13 13:15:00,0.02174502674608292
2018-08-13 13:30:00,0.08357087963023298
2018-08-13 13:45:00,0.0844578610245203
2018-08-13 14:00:00,-0.0211368699482819
2018-08-13 14:15:00,-0.25900237463448045
2018-08-13 14:30:00,-0.17195453670409666
2018-08-13 14:45:00,-0.10881057242697267
2018-08-13 15:00:00,-0.14046321917216098
2018-08-13 15:15:00,-0.14753135123027045
2018-08-13 15:30:00,-0.19675442544723998
2018-08-13 15:45:00,-0.0881906435999486
2018-08-13 16:00:00,-0.13291983171877086
2018-08-13 16:15:00,-0.11548170452984807
2018-08-13 16:30:00,-0.10929530250045327
2018-08-13 16:45:00,-0.13520110735454832
2018-08-13 17:00:00,-0.07940127185737972
2018-08-13 17:15:00,-0.012834570159429237
2018-08-13 17:30:00,-0.06891307874447289
2018-08-13 17:45:00,0.06225968281072697
2018-08-13 18:00:00,0.1065174576520484
2018-08-13 18:15:00,0.13628047681906902
2018-08-13 18:30:00,0.18211640803673873
2018-08-13 18:45:00,0.21237583912971142
2018-08-13 19:00:00,0.24845817620917116
2018-08-13 19:15:00,0.2949758426119508
2018-08-13 19:30:00,0.32171165468078383
2018-08-13 19:45:00,0.34074114547015194
2018-08-13 20:00:00,0.3282735315090827
2018-08-13 20:15:00,0.36535574803831317
2018-08-13 20:30:00,0.378379250401967
2018-08-13 20:45:00,0.41307053661571275
2018-08-13 21:00:00,0.4306133895292729
2018-08-13 21:15:00,0.4493139065047317
2018-08-13 21:30:00,0.4323237865998825
2018-08-13 21:45:00,0.4302589752974206
2018-08-13 22:00:00,0.4246290433782727
2018-08-13 22:15:00,0.4182211126962524
2018-08-13 22:30:00,0.42147669016044204
2018-08-13 22:45:00,0.41770404768806796
2018-08-13 23:00:00,0.43892678042947103
2018-08-13 23:15:00,0.4607390726243595
2018-08-13 23:30:00,0.4726553801411331
2018-08-13 23:45:00,0.4738786481725443
2018-08-20 00:00:00,0.4855126896777247
2018-08-20 00:15:00,0.48239404363875094
2018-08-20 00:30:00,0.4891734075047939
2018-08-20 00:45:00,0.5090623543706215
2018-08-20 01:00:00,0.5273468131896597
2018-08-20 01:15:00,0.5244017276243955
2018-08-20 01:30:00,0.5240748731584217
2018-08-20 01:45:00,0.5394503424839476
2018-08-20 02:00:00,0.5392890813564163
2018-08-20 02:15:00,0.6366374726254669
2018-08-20 02:30:00,0.6604205902345411
2018-08-20 02:45:00,0.6541043201409907
2018-08-20 03:00:00,0.6749715138940224
2018-08-20 03:15:00,0.6166681269550872
2018-08-20 03:30:00,0.6135855530429555
2018-08-20 03:45:00,0.629141158811032
2018-08-20 04:00:00,0.6742453184520447
2018-08-20 04:15:00,0.6672879320029699
2018-08-20 04:30:00,0.6797463003472526
2018-08-20 04:45:00,0.6820749995431925
2018-08-20 05:00:00,0.6807904020971158
2018-08-20 05:15:00,0.6738328333505271
2018-08-20 05:30:00,0.6931145232653566
2018-08-20 05:45:00,0.6932411253509415
2018-08-20 06:00:00,0.6804062970069866
2018-08-20 06:15:00,0.705355401561369
2018-08-20 06:30:00,0.693102743817297
2018-08-20 06:45:00,0.7083629021891953
2018-08-20 07:00:00,0.6987585180983586
2018-08-20 07:15:00,0.7022912211505443
2018-08-20 07:30:00,0.6905371139287482
2018-08-20 07:45:00,0.6962128722943822
2018-08-20 08:00:00,0.6526741736761571
2018-08-20 08:15:00,0.6532571093316508
2018-08-20 08:30:00,0.6558667885532254
2018-08-20 08:45:00,0.5721880281980429
2018-08-20 09:00:00,0.5484975083111938
2018-08-20 09:15:00,0.4749028700505726
2018-08-20 09:30:00,0.32059459411549945
2018-08-20 09:45:00,0.23470724075811472
2018-08-20 10:00:00,0.22761988583513876
2018-08-20 10:15:00,0.042542555313901165
2018-08-20 10:30:00,-0.046554967282871396
2018-08-20 10:45:00,-0.08189859765007668
2018-08-20 11:00:00,-0.058041679738823404
2018-08-20 11:15:00,0.0030657353823511646
2018-08-20 11:30:00,-0.011240540714952396
2018-08-20 11:45:00,-0.01298927020881438
2018-08-20 12:00:00,0.018621922588714007
2018-08-20 12:15:00,0.010360234189329381
2018-08-20 12:30:00,0.030104741896010256
2018-08-20 12:45:00,0.04032191263054968
2018-08-20 13:00:00,0.03951617859209318
2018-08-20 13:15:00,0.09735299102128281
2018-08-20 13:30:00,0.1224857142125812
2018-08-20 13:45:00,0.11355393618110382
2018-08-20 14:00:00,-0.051198043086631506
2018-08-20 14:15:00,-0.043783634474271915
2018-08-20 14:30:00,0.058538848293358814
2018-08-20 14:45:00,0.04910999085536655
2018-08-20 15:00:00,-0.016922623734459297
2018-08-20 15:15:00,-0.06577916551023433
2018-08-20 15:30:00,-0.06764626270505864
2018-08-20 15:45:00,-0.0016103747992730622
2018-08-20 16:00:00,0.0931550663036732
2018-08-20 16:15:00,0.10928928502061519
2018-08-20 16:30:00,0.08641937401120264
2018-08-20 16:45:00,0.05410108646872552
2018-08-20 17:00:00,0.0357032434534343
2018-08-20 17:15:00,0.05156676393364196
2018-08-20 17:30:00,0.024492527057001445
2018-08-20 17:45:00,0.04668240185482879
2018-08-20 18:00:00,0.04985306210209273
2018-08-20 18:15:00,0.10611955122726174
2018-08-20 18:30:00,0.13489326076913533
2018-08-20 18:45:00,0.17946702580266616
2018-08-20 19:00:00,0.1762186986776269
2018-08-20 19:15:00,0.14727387556856442
2018-08-20 19:30:00,0.2073955066083925
2018-08-20 19:45:00,0.24824176820574057
2018-08-20 20:00:00,0.2668366496127322
2018-08-20 20:15:00,0.3233463489551079
2018-08-20 20:30:00,0.33772156806511083
2018-08-20 20:45:00,0.36402728842944293
2018-08-20 21:00:00,0.41260752416793595
2018-08-20 21:15:00,0.41643877510489447
2018-08-20 21:30:00,0.43002711677579447
2018-08-20 21:45:00,0.4568390343613891
2018-08-20 22:00:00,0.45454188754209357
2018-08-20 22:15:00,0.46501123966379054
2018-08-20 22:30:00,0.4879024002196093
2018-08-20 22:45:00,0.4574958667319991
2018-08-20 23:00:00,0.4545224081440436
2018-08-20 23:15:00,0.3925607182992851
2018-08-20 23:30:00,0.3957539498040992
2018-08-20 23:45:00,0.3757084295431196
2018-08-27 00:00:00,0.4107135202935483
2018-08-27 00:15:00,0.5646702711323792
2018-08-27 00:30:00,0.5578748886689878
2018-08-27 00:45:00,0.5748233149062518
2018-08-27 01:00:00,0.5705005205202491
2018-08-27 01:15:00,0.5644541879165387
2018-08-27 01:30:00,0.5828032109400887
2018-08-27 01:45:00,0.6228343663111312
2018-08-27 02:00:00,0.643595310744923
2018-08-27 02:15:00,0.6446080527224903
2018-08-27 02:30:00,0.642141725192359
2018-08-27 02:45:00,0.659171010211738
2018-08-27 03:00:00,0.6180599293053943
2018-08-27 03:15:00,0.6024912925404114
2018-08-27 03:30:00,0.6118378480965423
2018-08-27 03:45:00,0.6675205776489759
2018-08-27 04:00:00,0.6818425340970801
2018-08-27 04:15:00,0.6731595589358477
2018-08-27 04:30:00,0.6869741795223924
2018-08-27 04:45:00,0.6718883158405378
2018-08-27 05:00:00,0.6874837181511023
2018-08-27 05:15:00,0.677443657299825
2018-08-27 05:30:00,0.6812399087211052
2018-08-27 05:45:00,0.6850914346919037
2018-08-27 06:00:00,0.6843177395929044
2018-08-27 06:15:00,0.6880980818645276
2018-08-27 06:30:00,0.694224961463908
2018-08-27 06:45:00,0.6911814547330011
2018-08-27 07:00:00,0.7085907282172056
2018-08-27 07:15:00,0.6943797833571561
2018-08-27 07:30:00,0.6931354871016078
2018-08-27 07:45:00,0.6790508550539661
2018-08-27 08:00:00,0.6800021162328226
2018-08-27 08:15:00,0.6637691758213919
2018-08-27 08:30:00,0.5938410420383167
2018-08-27 08:45:00,0.47647097046712333
2018-08-27 09:00:00,0.4860352223547541
2018-08-27 09:15:00,0.431998142910214
2018-08-27 09:30:00,0.43413024249080545
2018-08-27 09:45:00,0.3715009497822211
2018-08-27 10:00:00,0.35488021459094055
2018-08-27 10:15:00,0.05979998404602682
2018-08-27 10:30:00,-0.003157750454962721
2018-08-27 10:45:00,-0.010119267886025685
2018-08-27 11:00:00,-0.060032052498791566
2018-08-27 11:15:00,-0.09558503468069673
2018-08-27 11:30:00,-0.15831635464187221
2018-08-27 11:45:00,-0.119337754307622
2018-08-27 12:00:00,-0.011347415325945742
2018-08-27 12:15:00,-0.09062211009944665
2018-08-27 12:30:00,-0.048676346513841784
2018-08-27 12:45:00,-0.04239956748492962
2018-08-27 13:00:00,-0.05513785497349982
2018-08-27 13:15:00,-0.013195614424729996
2018-08-27 13:30:00,-0.024709058510464732
2018-08-27 13:45:00,-0.03187447557157347
2018-08-27 14:00:00,-0.04981361022801417
2018-08-27 14:15:00,-0.09164583243366636
2018-08-27 14:30:00,-0.1049952318318102
2018-08-27 14:45:00,-0.037120908259838326
2018-08-27 15:00:00,-0.07199633020858948
2018-08-27 15:15:00,-0.06503668723974393
2018-08-27 15:30:00,-0.049063106737088746
2018-08-27 15:45:00,-0.05343227865876671
2018-08-27 16:00:00,-0.028595110391648526
2018-08-27 16:15:00,0.05865408906682752
2018-08-27 16:30:00,0.08425565615847658
2018-08-27 16:45:00,0.10210162737058537
2018-08-27 17:00:00,0.4470146245410456
2018-08-27 17:15:00,0.1515843347104776
2018-08-27 17:30:00,0.17332032745537262
2018-08-27 17:45:00,0.15759143397473452
2018-08-27 18:00:00,0.18002625555378055
2018-08-27 18:15:00,0.2595058364719095
2018-08-27 18:30:00,0.32247506503407225
2018-08-27 18:45:00,0.3527039155582919
2018-08-27 19:00:00,0.36577956824645247
2018-08-27 19:15:00,0.34470051912413985
2018-08-27 19:30:00,0.3375269879984001
2018-08-27 19:45:00,0.34561675732707703
2018-08-27 20:00:00,0.3895250201837135
2018-08-27 20:15:00,0.3997094220382837
2018-08-27 20:30:00,0.43913883108921725
2018-08-27 20:45:00,0.46505015442901854
2018-08-27 21:00:00,0.5070750911169928
2018-08-27 21:15:00,0.5394372098162543
2018-08-27 21:30:00,0.5269825847078724
2018-08-27 21:45:00,0.5514052814471596
2018-08-27 22:00:00,0.5238370391423135
2018-08-27 22:15:00,0.5107347739479013
2018-08-27 22:30:00,0.4996168967866883
2018-08-27 22:45:00,0.4932045747678151
2018-08-27 23:00:00,0.5074641184859441
2018-08-27 23:15:00,0.5171181057681614
2018-08-27 23:30:00,0.526904310596196
2018-08-27 23:45:00,0.5363660512974453
2018-12-03 00:00:00,0.5280229657745963
2018-12-03 00:15:00,0.6740452852736477
2018-12-03 00:30:00,0.6677026662740231
2018-12-03 00:45:00,0.6723940509972768
2018-12-03 01:00:00,0.67739548949024
2018-12-03 01:15:00,0.6845680312964795
2018-12-03 01:30:00,0.6779800745995428
2018-12-03 01:45:00,0.6714513256936395
2018-12-03 02:00:00,0.6806746615398708
2018-12-03 02:15:00,0.6699473441940049
2018-12-03 02:30:00,0.6764902258592429
2018-12-03 02:45:00,0.6775071881495534
2018-12-03 03:00:00,0.6701961953046359
2018-12-03 03:15:00,0.6780190467230602
2018-12-03 03:30:00,0.6685544439664899
2018-12-03 03:45:00,0.6807918158372087
2018-12-03 04:00:00,0.6783649837313184
2018-12-03 04:15:00,0.6585482769153164
2018-12-03 04:30:00,0.6786246228420302
2018-12-03 04:45:00,0.6639817400710318
2018-12-03 05:00:00,0.6858376718313579
2018-12-03 05:15:00,0.6785105395346601
2018-12-03 05:30:00,0.6817453581554525
2018-12-03 05:45:00,0.6881855528074108
2018-12-03 06:00:00,0.6823943296634947
2018-12-03 06:15:00,0.6771932768811724
2018-12-03 06:30:00,0.6828779174311664
2018-12-03 06:45:00,0.6937520458654671
2018-12-03 07:00:00,0.7018179714670977
2018-12-03 07:15:00,0.6829201435883081
2018-12-03 07:30:00,0.6906743063238867
2018-12-03 07:45:00,0.6880539706163363
2018-12-03 08:00:00,0.6729228467895305
2018-12-03 08:15:00,0.6723485409004499
2018-12-03 08:30:00,0.6529264513525918
2018-12-03 08:45:00,0.6087094591147102
2018-12-03 09:00:00,0.5753542633441209
2018-12-03 09:15:00,0.5518545647310908
2018-12-03 09:30:00,0.5004830180683586
2018-12-03 09:45:00,0.31916500317962576
2018-12-03 10:00:00,0.25491956005146593
2018-12-03 10:15:00,0.15057905348751915
2018-12-03 10:30:00,0.0839542646308961
2018-12-03 10:45:00,0.05533213499053913
2018-12-03 11:00:00,0.016991116071459367
2018-12-03 11:15:00,0.02231407641109366
2018-12-03 11:30:00,0.0783637696183554
2018-12-03 11:45:00,0.11838415756436171
2018-12-03 12:00:00,0.1126758096527728
2018-12-03 12:15:00,0.1107856196487888
2018-12-03 12:30:00,0.08243114770573179
2018-12-03 12:45:00,0.045876581371795344
2018-12-03 13:00:00,0.07233033691378232
2018-12-03 13:15:00,0.08675364131631298
2018-12-03 13:30:00,0.1085735231831042
2018-12-03 13:45:00,0.05216126929388809
2018-12-03 14:00:00,-0.020462373910666853
2018-12-03 14:15:00,-0.02694684908031525
2018-12-03 14:30:00,-0.03910193799686479
2018-12-03 14:45:00,-0.05029756506266364
2018-12-03 15:00:00,-0.07147189791548147
2018-12-03 15:15:00,-0.11022531050603229
2018-12-03 15:30:00,-0.05619775652938508
2018-12-03 15:45:00,-0.04816427382355809
2018-12-03 16:00:00,0.04643219798302205
2018-12-03 16:15:00,0.030195111064860503
2018-12-03 16:30:00,0.045912782271510355
2018-12-03 16:45:00,0.052554006200936934
2018-12-03 17:00:00,0.06393128341151592
2018-12-03 17:15:00,0.07482841320201265
2018-12-03 17:30:00,0.10704266914589161
2018-12-03 17:45:00,0.17493278156056796
2018-12-03 18:00:00,0.1804206417430229
2018-12-03 18:15:00,0.21521582277535217
2018-12-03 18:30:00,0.25543584268793584
2018-12-03 18:45:00,0.283263615140946
2018-12-03 19:00:00,0.257163006780421
2018-12-03 19:15:00,0.2750336878048251
2018-12-03 19:30:00,0.27238982305423015
2018-12-03 19:45:00,0.30823496261696276
2018-12-03 20:00:00,0.35853270405564436
2018-12-03 20:15:00,0.3922570049889396
2018-12-03 20:30:00,0.41937805667690425
2018-12-03 20:45:00,0.4164524336462669
2018-12-03 21:00:00,0.4842060448739302
2018-12-03 21:15:00,0.5049605430365997
2018-12-03 21:30:00,0.47393423826373593
2018-12-03 21:45:00,0.4824786828363378
2018-12-03 22:00:00,0.4771611709135326
2018-12-03 22:15:00,0.46267996867273503
2018-12-03 22:30:00,0.47779889045567675
2018-12-03 22:45:00,0.5002173723467372
2018-12-03 23:00:00,0.515428427959914
2018-12-03 23:15:00,0.5239886872412447
2018-12-03 23:30:00,0.5824685186164671
2018-12-03 23:45:00,0.580179808919588
2018-12-10 00:00:00,0.5876566757928106
2018-12-10 00:15:00,0.5922047500856843
2018-12-10 00:30:00,0.6020418409866843
2018-12-10 00:45:00,0.5905411417280119
2018-12-10 01:00:00,0.6024982228737699
2018-12-10 01:15:00,0.595736385239786
2018-12-10 01:30:00,0.5916082180590659
2018-12-10 01:45:00,0.5893003154686632
2018-12-10 02:00:00,0.6058876392964575
2018-12-10 02:15:00,0.6173748499580395
2018-12-10 02:30:00,0.6088972065143032
2018-12-10 02:45:00,0.6199805178167853
2018-12-10 03:00:00,0.6164239140037174
2018-12-10 03:15:00,0.6066873338959089
2018-12-10 03:30:00,0.6076786350033245
2018-12-10 03:45:00,0.6048822401658958
2018-12-10 04:00:00,0.6127326699752782
2018-12-10 04:15:00,0.6191376378311895
2018-12-10 04:30:00,0.6156070473773467
2018-12-10 04:45:00,0.6172469728397643
2018-12-10 05:00:00,0.6115498013602003
2018-12-10 05:15:00,0.6153383699838295
2018-12-10 05:30:00,0.6120763626012027
2018-12-10 05:45:00,0.6157531850939019
2018-12-10 06:00:00,0.619434369954369
2018-12-10 06:15:00,0.6436441830246076
2018-12-10 06:30:00,0.6293043707980807
2018-12-10 06:45:00,0.6393206073356348
2018-12-10 07:00:00,0.6571975798113965
2018-12-10 07:15:00,0.6468257994949224
2018-12-10 07:30:00,0.6505582317524435
2018-12-10 07:45:00,0.6335614135874283
2018-12-10 08:00:00,0.652994556360381
2018-12-10 08:15:00,0.6318998321620228
2018-12-10 08:30:00,0.612041917855042
2018-12-10 08:45:00,0.6000481728374518
2018-12-10 09:00:00,0.5758391304937155
2018-12-10 09:15:00,0.5841965399283532
2018-12-10 09:30:00,0.5353706469985411
2018-12-10 09:45:00,0.3558414344811766
2018-12-10 10:00:00,0.2826483102204406
2018-12-10 10:15:00,0.17088173378847615
2018-12-10 10:30:00,0.12495249339458829
2018-12-10 10:45:00,0.10985873932617048
2018-12-10 11:00:00,0.04640820298763065
2018-12-10 11:15:00,0.09216490635005897
2018-12-10 11:30:00,0.08053390408969813
2018-12-10 11:45:00,0.029609984399770736
2018-12-10 12:00:00,0.09736954616372778
2018-12-10 12:15:00,0.07994122621527061
2018-12-10 12:30:00,0.10100266144349024
2018-12-10 12:45:00,0.045065117554801304
2018-12-10 13:00:00,0.06309447113172506
2018-12-10 13:15:00,0.05124122502563855
2018-12-10 13:30:00,0.09204176615769805
2018-12-10 13:45:00,0.16951476397895177
2018-12-10 14:00:00,0.1471455048431009
2018-12-10 14:15:00,0.09054764106314733
2018-12-10 14:30:00,0.017772203285679106
2018-12-10 14:45:00,0.011103365181222347
2018-12-10 15:00:00,0.02390033126705722
2018-12-10 15:15:00,0.033370505146757504
2018-12-10 15:30:00,0.050763300930363006
2018-12-10 15:45:00,0.037387613035265777
2018-12-10 16:00:00,0.027074499505171212
2018-12-10 16:15:00,0.045594966560143946
2018-12-10 16:30:00,0.07913304468504462
2018-12-10 16:45:00,0.09772078068817047
2018-12-10 17:00:00,0.1219607560121796
2018-12-10 17:15:00,0.19526268518004947
2018-12-10 17:30:00,0.21100965692176188
2018-12-10 17:45:00,0.21495103914730118
2018-12-10 18:00:00,0.2076648527861512
2018-12-10 18:15:00,0.22745179559189777
2018-12-10 18:30:00,0.25700151305433566
2018-12-10 18:45:00,0.2860465182677932
2018-12-10 19:00:00,0.32690191884589176
2018-12-10 19:15:00,0.3355205904796709
2018-12-10 19:30:00,0.3370764296566983
2018-12-10 19:45:00,0.3455727585557706
2018-12-10 20:00:00,0.36319254809727375
2018-12-10 20:15:00,0.3831928460778836
2018-12-10 20:30:00,0.3597276465841235
2018-12-10 20:45:00,0.34034734171409414
2018-12-10 21:00:00,0.34432714682394877
2018-12-10 21:15:00,0.3937843395262903
2018-12-10 21:30:00,0.3982935919778595
2018-12-10 21:45:00,0.40607578117518106
2018-12-10 22:00:00,0.40822806903827796
2018-12-10 22:15:00,0.4068914139528658
2018-12-10 22:30:00,0.3746609328830332
2018-12-10 22:45:00,0.4734633172680074
2018-12-10 23:00:00,0.5066901091479743
2018-12-10 23:15:00,0.5202778973826463
2018-12-10 23:30:00,0.5277986034731877
2018-12-10 23:45:00,0.5209856877954867
2018-12-17 00:00:00,0.5189517466805824
2018-12-17 00:15:00,0.5466448056327957
2018-12-17 00:30:00,0.5676214572930456
2018-12-17 00:45:00,0.5520014996744964
2018-12-17 01:00:00,0.5426286100337901
2018-12-17 01:15:00,0.5432246689589224
2018-12-17 01:30:00,0.5452863721383259
2018-12-17 01:45:00,0.5368837811469238
2018-12-17 02:00:00,0.522727736295515
2018-12-17 02:15:00,0.5348990775667217
2018-12-17 02:30:00,0.5529590201761341
2018-12-17 02:45:00,0.5356090782373278
2018-12-17 03:00:00,0.5576719070988514
2018-12-17 03:15:00,0.5431644351588518
2018-12-17 03:30:00,0.5487552421534818
2018-12-17 03:45:00,0.5458954431347226
2018-12-17 04:00:00,0.5514244146540579
2018-12-17 04:15:00,0.5508933237633964
2018-12-17 04:30:00,0.5563983073075116
2018-12-17 04:45:00,0.5604396588235618
2018-12-17 05:00:00,0.5705441854508875
2018-12-17 05:15:00,0.5608915002743451
2018-12-17 05:30:00,0.5662312010970776
2018-12-17 05:45:00,0.5703939154969624
2018-12-17 06:00:00,0.5689473114133601
2018-12-17 06:15:00,0.5661004245111818
2018-12-17 06:30:00,0.5624251880186355
2018-12-17 06:45:00,0.55265776948165
2018-12-17 07:00:00,0.5626685562511733
2018-12-17 07:15:00,0.5736402103887661
2018-12-17 07:30:00,0.5723050821753608
2018-12-17 07:45:00,0.5739018266387373
2018-12-17 08:00:00,0.5726545149208779
2018-12-17 08:15:00,0.5718838715096133
2018-12-17 08:30:00,0.593505673908377
2018-12-17 08:45:00,0.5610171289613254
2018-12-17 09:00:00,0.5089487352151918
2018-12-17 09:15:00,0.5309574756970528
2018-12-17 09:30:00,0.4685599847284358
2018-12-17 09:45:00,0.4278716261691908
2018-12-17 10:00:00,0.3224001926119448
2018-12-17 10:15:00,0.23089655591214453
2018-12-17 10:30:00,0.1758521807348875
2018-12-17 10:45:00,0.16046793360228156
2018-12-17 11:00:00,0.12187470873442201
2018-12-17 11:15:00,0.042476290816290785
2018-12-17 11:30:00,0.01699372766985474
2018-12-17 11:45:00,0.034382361915354376
2018-12-17 12:00:00,0.07333988361585113
2018-12-17 12:15:00,0.06821199232075888
2018-12-17 12:30:00,0.09965003967342961
2018-12-17 12:45:00,0.10639139326320463
2018-12-17 13:00:00,0.13065077790429852
2018-12-17 13:15:00,0.13981345310898802
2018-12-17 13:30:00,0.15706251041082447
2018-12-17 13:45:00,0.15937278444687147
2018-12-17 14:00:00,0.07149107321783436
2018-12-17 14:15:00,0.017821605811553565
2018-12-17 14:30:00,0.05834335537031925
2018-12-17 14:45:00,0.02651386689662283
2018-12-17 15:00:00,0.07297630932885735
2018-12-17 15:15:00,0.0009468160206062282
2018-12-17 15:30:00,-0.004143693914108626
2018-12-17 15:45:00,0.02947025972618572
2018-12-17 16:00:00,-0.018152641030348915
2018-12-17 16:15:00,0.032374803548305575
2018-12-17 16:30:00,0.07752066481697845
2018-12-17 16:45:00,0.07303699817000824
2018-12-17 17:00:00,0.11068807402722985
2018-12-17 17:15:00,0.07238772511940028
2018-12-17 17:30:00,0.06808510609833601
2018-12-17 17:45:00,0.09169734957792956
2018-12-17 18:00:00,0.0970950428729334
2018-12-17 18:15:00,0.14764937100094844
2018-12-17 18:30:00,0.20622559117853334
2018-12-17 18:45:00,0.2270167090782343
2018-12-17 19:00:00,0.2280354750082637
2018-12-17 19:15:00,0.24157504115152634
2018-12-17 19:30:00,0.24511310912470868
2018-12-17 19:45:00,0.2721280832515293
2018-12-17 20:00:00,0.30795060699447613
2018-12-17 20:15:00,0.31445013154933216
2018-12-17 20:30:00,0.34074195907684385
2018-12-17 20:45:00,0.36338571564197286
2018-12-17 21:00:00,0.3645455982205124
2018-12-17 21:15:00,0.3753939248547323
2018-12-17 21:30:00,0.3904071261693701
2018-12-17 21:45:00,0.42864155041947144
2018-12-17 22:00:00,0.4621985286001517
2018-12-17 22:15:00,0.461488180074082
2018-12-17 22:30:00,0.46032041963837883
2018-12-17 22:45:00,0.44587180724372816
2018-12-17 23:00:00,0.4263148807494362
2018-12-17 23:15:00,0.39809080253686374
2018-12-17 23:30:00,0.3830654450003265
2018-12-17 23:45:00,0.3938175432017946
2018-12-24 00:00:00,0.3951640975671325
2018-12-24 00:15:00,0.49705819919397853
2018-12-24 00:30:00,0.5041998470602713
2018-12-24 00:45:00,0.47929071950814855
2018-12-24 01:00:00,0.4744231536246909
2018-12-24 01:15:00,0.47048877660621424
2018-12-24 01:30:00,0.49063981715667143
2018-12-24 01:45:00,0.49395248568111905
2018-12-24 02:00:00,0.4818330999852635
2018-12-24 02:15:00,0.48727509099691907
2018-12-24 02:30:00,0.4935952049197855
2018-12-24 02:45:00,0.5150830777109852
2018-12-24 03:00:00,0.5100963369074558
2018-12-24 03:15:00,0.49248792889448517
2018-12-24 03:30:00,0.4849754630521522
2018-12-24 03:45:00,0.47901129973755485
2018-12-24 04:00:00,0.485166401417581
2018-12-24 04:15:00,0.49082820725251636
2018-12-24 04:30:00,0.4946413016420737
2018-12-24 04:45:00,0.49573698230464414
2018-12-24 05:00:00,0.4926249975169247
2018-12-24 05:15:00,0.4799982268148496
2018-12-24 05:30:00,0.4813082365324291
2018-12-24 05:45:00,0.49400047667773983
2018-12-24 06:00:00,0.49544203208048176
2018-12-24 06:15:00,0.4851580227631416
2018-12-24 06:30:00,0.4932741989998188
2018-12-24 06:45:00,0.5174812422281834
2018-12-24 07:00:00,0.5326325208837129
2018-12-24 07:15:00,0.5292960362669256
2018-12-24 07:30:00,0.5418899704241131
2018-12-24 07:45:00,0.5341829174513619
2018-12-24 08:00:00,0.5373920861909074
2018-12-24 08:15:00,0.5320734399390749
2018-12-24 08:30:00,0.5260880691444486
2018-12-24 08:45:00,0.509303128700473
2018-12-24 09:00:00,0.45759306111930026
2018-12-24 09:15:00,0.4289442111433755
2018-12-24 09:30:00,0.41415113818653354
2018-12-24 09:45:00,0.31041207961699707
2018-12-24 10:00:00,0.3014135100844313
2018-12-24 10:15:00,0.2354558846781768
2018-12-24 10:30:00,0.2031424334700182
2018-12-24 10:45:00,0.1260758557558999
2018-12-24 11:00:00,0.10722486580664597
2018-12-24 11:15:00,0.42105673094433527
2018-12-24 11:30:00,0.05738541312949741
2018-12-24 11:45:00,0.02228710100491582
2018-12-24 12:00:00,-0.017868089914388458
2018-12-24 12:15:00,0.0211320704039053
2018-12-24 12:30:00,-0.05090907336267364
2018-12-24 12:45:00,-0.03519011405973732
2018-12-24 13:00:00,0.011655022121875941
2018-12-24 13:15:00,-0.04429318151383427
2018-12-24 13:30:00,-0.06133961769855911
2018-12-24 13:45:00,0.002720273024280878
2018-12-24 14:00:00,-0.0390465456436524
2018-12-24 14:15:00,-0.05791090427607731
2018-12-24 14:30:00,-0.08406625253487515
2018-12-24 14:45:00,0.02096551252182599
2018-12-24 15:00:00,0.00951073432884847
2018-12-24 15:15:00,-0.055266611560897405
2018-12-24 15:30:00,-0.04303904044500634
2018-12-24 15:45:00,0.00348720637570038
2018-12-24 16:00:00,-0.03008526266572742
2018-12-24 16:15:00,-0.06626894010441053
2018-12-24 16:30:00,-0.04560344936198257
2018-12-24 16:45:00,0.022217441945247773
2018-12-24 17:00:00,0.036142602379668085
2018-12-24 17:15:00,0.051111422760361014
2018-12-24 17:30:00,0.07597011834333978
2018-12-24 17:45:00,0.10058430256531936
2018-12-24 18:00:00,0.09076828229863432
2018-12-24 18:15:00,0.0992846526635704
2018-12-24 18:30:00,0.11445807385477509
2018-12-24 18:45:00,0.14849467426969293
2018-12-24 19:00:00,0.18181145846525615
2018-12-24 19:15:00,0.1932539571035215
2018-12-24 19:30:00,0.2099720839705907
2018-12-24 19:45:00,0.20343344654636153
2018-12-24 20:00:00,0.2241823543189012
2018-12-24 20:15:00,0.2341386930456748
2018-12-24 20:30:00,0.2500165510948774
2018-12-24 20:45:00,0.26013232277998755
2018-12-24 21:00:00,0.26896431440387075
2018-12-24 21:15:00,0.2722750406178549
2018-12-24 21:30:00,0.26953150427585154
2018-12-24 21:45:00,0.2865185183694949
2018-12-24 22:00:00,0.2930840501312388
2018-12-24 22:15:00,0.30770608579704517
2018-12-24 22:30:00,0.37589885164472814
2018-12-24 22:45:00,0.37525241123704034
2018-12-24 23:00:00,0.3922286522761012
2018-12-24 23:15:00,0.3848975841067693
2018-12-24 23:30:00,0.3856287806617739
2018-12-24 23:45:00,0.3965829132288064
2018-12-31 00:00:00,0.3906747191031042
2018-12-31 00:15:00,0.3921991971126965
2018-12-31 00:30:00,0.40469780316098797
2018-12-31 00:45:00,0.42001144957860437
2018-12-31 01:00:00,0.4302784982975999
2018-12-31 01:15:00,0.4249178209345636
2018-12-31 01:30:00,0.42587013925367306
2018-12-31 01:45:00,0.4251167569881101
2018-12-31 02:00:00,0.4306553413761796
2018-12-31 02:15:00,0.4436289361208932
2018-12-31 02:30:00,0.4355969999102803
2018-12-31 02:45:00,0.4322725255209771
2018-12-31 03:00:00,0.424322212549667
2018-12-31 03:15:00,0.4095274953759579
2018-12-31 03:30:00,0.4083542452912925
2018-12-31 03:45:00,0.4074408602346072
2018-12-31 04:00:00,0.4085739940695437
2018-12-31 04:15:00,0.41451387452865157
2018-12-31 04:30:00,0.40887281073264453
2018-12-31 04:45:00,0.4123618359764139
2018-12-31 05:00:00,0.41597080881211623
2018-12-31 05:15:00,0.42402715609382846
2018-12-31 05:30:00,0.4116939049879546
2018-12-31 05:45:00,0.41264839734091946
2018-12-31 06:00:00,0.407313408874666
2018-12-31 06:15:00,0.4105141423744908
2018-12-31 06:30:00,0.4212216448141503
2018-12-31 06:45:00,0.4177105966134504
2018-12-31 07:00:00,0.42361516790392545
2018-12-31 07:15:00,0.41796356162737236
2018-12-31 07:30:00,0.4031589956362836
2018-12-31 07:45:00,0.41338015028718283
2018-12-31 08:00:00,0.4057477563742781
2018-12-31 08:15:00,0.41119676288969625
2018-12-31 08:30:00,0.41281739564572745
2018-12-31 08:45:00,0.400005309305875
2018-12-31 09:00:00,0.38312485649446865
2018-12-31 09:15:00,0.3201076903643254
2018-12-31 09:30:00,0.3026544164367299
2018-12-31 09:45:00,0.2745411037056296
2018-12-31 10:00:00,0.2638958689682715
2018-12-31 10:15:00,0.20859197346833264
2018-12-31 10:30:00,0.19521566160104198
2018-12-31 10:45:00,0.13127962858808906
2018-12-31 11:00:00,0.10605051690844798
2018-12-31 11:15:00,0.06077524130659917
2018-12-31 11:30:00,0.037850693332792784
2018-12-31 11:45:00,0.03151453857290826
2018-12-31 12:00:00,0.02960734552083792
2018-12-31 12:15:00,0.01629398083588529
2018-12-31 12:30:00,0.0030185745602934744
2018-12-31 12:45:00,0.014657483602590199
2018-12-31 13:00:00,-0.002689561608441998
2018-12-31 13:15:00,-0.0006864161138865066
2018-12-31 13:30:00,0.011993563319571576
2018-12-31 13:45:00,0.04830106494562951
2018-12-31 14:00:00,0.054459872464669365
2018-12-31 14:15:00,0.01724832631232953
2018-12-31 14:30:00,0.009167957351341904
2018-12-31 14:45:00,-0.00027284604387028955
2018-12-31 15:00:00,-0.026544126804927126
2018-12-31 15:15:00,-0.04309100215901285
2018-12-31 15:30:00,-0.09197520192072256
2018-12-31 15:45:00,-0.14315773322718472
2018-12-31 16:00:00,-0.10067886124331693
2018-12-31 16:15:00,-0.10040113790852867
2018-12-31 16:30:00,-0.07668681367349733
2018-12-31 16:45:00,-0.01006405137600036
2018-12-31 17:00:00,0.018838500903613692
2018-12-31 17:15:00,0.03684384245731309
2018-12-31 17:30:00,0.04505493437097019
2018-12-31 17:45:00,0.07198209172264584
2018-12-31 18:00:00,0.08044055595786022
2018-12-31 18:15:00,0.11848592510366678
2018-12-31 18:30:00,0.11130271246386418
2018-12-31 18:45:00,0.1327779706052719
2018-12-31 19:00:00,0.16696152315357687
2018-12-31 19:15:00,0.14528390971584665
2018-12-31 19:30:00,0.17178509229439953
2018-12-31 19:45:00,0.18499253012693923
2018-12-31 20:00:00,0.1816380210649946
2018-12-31 20:15:00,0.2036999651696344
2018-12-31 20:30:00,0.19611931944057703
2018-12-31 20:45:00,0.22006078251511102
2018-12-31 21:00:00,0.22882055583444832
2018-12-31 21:15:00,0.2503106449398143
2018-12-31 21:30:00,0.2545651074244097
2018-12-31 21:45:00,0.23708006808089283
2018-12-31 22:00:00,0.24552837032256664
2018-12-31 22:15:00,0.2535647821597044
2018-12-31 22:30:00,0.26195714395151054
2018-12-31 22:45:00,0.26087868812696
2018-12-31 23:00:00,0.2645450404664306
2018-12-31 23:15:00,0.2681037798606654
2018-12-31 23:30:00,0.26033812714935894
2018-12-31 23:45:00,0.26375663419848083
