,Energy
0,0.22800282000000036
1,0.22800282000000036
2,0.22800282000000036
3,0.22800282000000036
4,0.22800282000000036
5,0.22800282000000036
6,0.22800282000000036
7,0.22800282000000036
8,0.22800282000000036
9,0.22800282000000036
10,0.22800282000000036
11,0.22800282000000036
12,0.22800282000000036
13,0.22800282000000036
14,0.22800282000000036
15,0.22800282000000036
16,0.22800282000000036
17,0.22800282000000036
18,0.22800282000000036
19,0.22800282000000036
20,0.22800282000000036
21,0.22800282000000036
22,0.22800282000000036
23,0.22800282000000036
24,0.22800282000000036
25,0.22800282000000036
26,0.22800282000000036
27,0.22800282000000036
28,0.22800282000000036
29,0.22800282000000036
30,0.22800282000000036
31,0.22800282000000036
32,0.22800282000000036
33,0.22800282000000036
34,0.22800282000000036
35,0.22800282000000036
36,0.22891398133400037
37,0.22914446735166705
38,0.23187601870000024
39,0.23491564260600034
40,0.22800282000000036
41,0.22800282000000036
42,0.22800282000000036
43,0.22800282000000036
44,0.22800282000000036
45,0.22800282000000036
46,0.22800282000000036
47,0.22800282000000036
48,0.22800282000000036
49,0.22800282000000036
50,0.22800282000000036
51,0.22800282000000036
52,0.22800282000000036
53,0.22800282000000036
54,0.22800282000000036
55,0.22800282000000036
56,0.22800282000000036
57,0.22800282000000036
58,0.22800282000000036
59,0.22800282000000036
60,0.22800282000000036
61,0.22800282000000036
62,0.22800282000000036
63,0.22800282000000036
64,0.22800282000000036
65,0.22800282000000036
66,0.22800282000000036
67,0.22800282000000036
68,0.22800282000000036
69,0.22800282000000036
70,0.22800282000000036
71,0.22800282000000036
72,0.22800282000000036
73,0.22800282000000036
74,0.22800282000000036
75,0.22800282000000036
76,0.22800282000000036
77,0.22800282000000036
78,0.22800282000000036
79,0.22800282000000036
80,0.22800282000000036
81,0.22800282000000036
82,0.22800282000000036
83,0.22800282000000036
84,0.22800282000000036
85,0.22800282000000036
86,0.22800282000000036
87,0.22800282000000036
88,0.22800282000000036
89,0.22800282000000036
90,0.22800282000000036
91,0.22800282000000036
92,0.22800282000000036
93,0.22800282000000036
94,0.22800282000000036
95,0.22800282000000036
96,0.2917618114499507
97,0.2902447919015596
98,0.2887155147138438
99,0.2876939786855932
100,0.29013248751108395
101,0.2875935157620853
102,0.2868700512422841
103,0.2846923665830308
104,0.2830170025735023
105,0.2806429299305026
106,0.28162571953336785
107,0.2790432321558691
108,0.2747912677675218
109,0.2769127471070206
110,0.2745376299138219
111,0.2729622667837897
112,0.27017424167454385
113,0.26900043715326105
114,0.26955567450946244
115,0.2683855884135759
116,0.2666126544042881
117,0.26740616579900306
118,0.26672303579148265
119,0.26428689243193193
120,0.266213838720086
121,0.2657834278404203
122,0.26439916290859544
123,0.2599261689017295
124,0.24991289997633495
125,0.24948420860799822
126,0.2509578604311678
127,0.25500937961079956
128,0.2695193556008354
129,0.2719030193510021
130,0.27466611602699703
131,0.27572222115819595
132,0.3140546994294071
133,0.35748454980509337
134,0.36898354428950175
135,0.3843771490250037
136,0.3984966098439983
137,0.4034758924299956
138,0.4079167534479934
139,0.4140795375420034
140,0.4306609971013386
141,0.43859585052100575
142,0.4398202655720066
143,0.442997565986001
144,0.5012626114115045
145,0.5002405537739991
146,0.47945894143900425
147,0.4699554934809953
148,0.4718048284224962
149,0.4703731887820055
150,0.4566064413590091
151,0.454906699314998
152,0.4638972232413024
153,0.4636816446470027
154,0.45995128499350507
155,0.4726955454015302
156,0.48208602736831047
157,0.4823945557239967
158,0.4766361482875037
159,0.4794703584539972
160,0.4670093006403048
161,0.4640667277490026
162,0.4681677316644968
163,0.4830901719010049
164,0.46994292793632997
165,0.455484816965003
166,0.44539137094799547
167,0.44190139639899745
168,0.4235632532229941
169,0.4174175648189925
170,0.40793014023199403
171,0.40021421540300345
172,0.39145566760400546
173,0.38359133080100594
174,0.37929210166900446
175,0.375714157798998
176,0.3537866537550043
177,0.3498092546780065
178,0.34890246868100455
179,0.34687105942000146
180,0.32713670602100164
181,0.3219428023110013
182,0.31833381169650005
183,0.3207559983060004
184,0.32899055418000045
185,0.3290416086160001
186,0.3318285672154986
187,0.32684217117999775
188,0.32199904582419064
189,0.3188525054272512
190,0.3181822892724178
191,0.3170645524340846
192,0.326441913473386
193,0.3267394255531029
194,0.3259260342655763
195,0.3216516487758103
196,0.3229009805295339
197,0.32287527160375057
198,0.3225710674197597
199,0.3164112451621088
200,0.30780833875309793
201,0.30734946451576467
202,0.30910333873654927
203,0.30525885576160433
204,0.30321128512260015
205,0.30046431789953576
206,0.29852194808105303
207,0.2998780536350474
208,0.3048777235620016
209,0.3022535155426713
210,0.30177094384911846
211,0.30110272921228143
212,0.2991174666277178
213,0.2945793928557153
214,0.29607793442023217
215,0.2953279716450916
216,0.298216852106717
217,0.29425904048971474
218,0.2966384061767298
219,0.29550530319647356
220,0.2975110108247136
221,0.2999445992467167
222,0.3075616711640005
223,0.3057341602309335
224,0.3399439035520021
225,0.3498867642149998
226,0.34897038742799447
227,0.34569755467299645
228,0.3380936522084038
229,0.3883152126340962
230,0.4226878114054966
231,0.43853132243800536
232,0.4269438359128148
233,0.49144940432957146
234,0.50009372124868
235,0.5014138897172445
236,0.5205747181246573
237,0.5158433204421647
238,0.5250179841246612
239,0.5399367564863361
240,0.5594550109693257
241,0.5571826894452335
242,0.5583276920624699
243,0.5566050061084783
244,0.5370705839979953
245,0.5287389401075764
246,0.5252793735436334
247,0.5484644877666311
248,0.5644180287864312
249,0.5664405136654304
250,0.5696387354614173
251,0.5902222555892187
252,0.6316334721936019
253,0.6121052988747439
254,0.6166019358609971
255,0.629079589475264
256,0.6303413594848064
257,0.6217391789409565
258,0.6134991160892812
259,0.6110953238238293
260,0.5724451208709899
261,0.5504197093049935
262,0.5350671073919957
263,0.5202285002710013
264,0.5060854772889902
265,0.4869075682579913
266,0.47578662496699625
267,0.4617949987829968
268,0.45537042175599446
269,0.4424736615409976
270,0.44621360702800306
271,0.44652520851900596
272,0.43786004841100046
273,0.4312611004800563
274,0.4209211210602415
275,0.41807312618523246
276,0.39396285373499734
277,0.3834815138619991
278,0.3844796010660024
279,0.38667889399899896
280,0.40033062902533134
281,0.3947225797255801
282,0.3916539076215813
283,0.3874062256285843
284,0.3911121734760016
285,0.38904316875899625
286,0.38231087236600003
287,0.37615645257816765
288,0.310917702881916
289,0.3070882957239966
290,0.3051379071033272
291,0.3090318683312633
292,0.30644831064239686
293,0.3049926287334797
294,0.30447894610112614
295,0.308949537148526
296,0.3022811595603901
297,0.2988544179824108
298,0.2967329770421449
299,0.297217236608322
300,0.2992120455428869
301,0.2980129200863287
302,0.296868819460082
303,0.29782249545886824
304,0.291792201186938
305,0.2912502940046869
306,0.2906131238111385
307,0.293475368264054
308,0.2899133363102189
309,0.28759078889610634
310,0.28733248535473727
311,0.28958353648343405
312,0.2881314612548604
313,0.2846192330029455
314,0.28647628832049704
315,0.2837984085823341
316,0.28153371413180284
317,0.2791487559183027
318,0.280763884819051
319,0.2832032918215814
320,0.29838221520850045
321,0.30090901733999825
322,0.29677335451700015
323,0.2966351553331881
324,0.31508481462940624
325,0.36083604607609426
326,0.4004113281795034
327,0.4170906063790034
328,0.3514344769648195
329,0.4632847514523217
330,0.47858014637342977
331,0.4841939227570018
332,0.5246728240293922
333,0.5366502062036238
334,0.5405607769335589
335,0.5436942377255588
336,0.5293019286573222
337,0.5206423626985022
338,0.5231818200282914
339,0.5352798050345399
340,0.5225760408514524
341,0.5149615703219739
342,0.5101240703854529
343,0.5213419556726954
344,0.5772002436007446
345,0.5924794504927421
346,0.6049575856976939
347,0.612096754867686
348,0.6453290161985098
349,0.6132649706446442
350,0.6217161279215003
351,0.6275770107357719
352,0.6411770977253078
353,0.6250476224404582
354,0.6277853639907831
355,0.6134618920683275
356,0.5974669103279933
357,0.5780940350879967
358,0.5685469403459976
359,0.5587896384500003
360,0.5371469632689917
361,0.5195234505679982
362,0.5028774915910035
363,0.4801500344019969
364,0.45882652414899505
365,0.4497651830430021
366,0.44684237366299756
367,0.4441361264199991
368,0.4275588010016661
369,0.4208819862395518
370,0.41340443133974003
371,0.4171830881907332
372,0.4101658706166612
373,0.4004741536439931
374,0.40199188657499396
375,0.4021977285419946
376,0.3891639007526621
377,0.3792477980330007
378,0.37419193338599666
379,0.3642710364289995
380,0.3384088278330533
381,0.3325090443983869
382,0.3344355626633826
383,0.33196586285162044
384,0.3013506409003333
385,0.3011638305365025
386,0.2916975582524998
387,0.2921793809086984
388,0.28550388263099624
389,0.2856336675893341
390,0.2820161315619821
391,0.27969621985184767
392,0.28200199752979827
393,0.2785230217791656
394,0.2778389005267372
395,0.28029587093201436
396,0.2788112592249392
397,0.2804166433859988
398,0.2734356976198983
399,0.2792683635106801
400,0.27401143914891934
401,0.276757869938193
402,0.2709414930231923
403,0.27665773430349316
404,0.27392077915943125
405,0.2718116880836841
406,0.27170802872164446
407,0.272447922936229
408,0.2708914231613964
409,0.2702975536795217
410,0.2723673087068017
411,0.26786120426205234
412,0.267747838401118
413,0.2683725334456861
414,0.2712748877394463
415,0.2707342062166979
416,0.2787971138070002
417,0.2813864159780028
418,0.2818417744780026
419,0.294028564351858
420,0.3186682382615055
421,0.3428743219392651
422,0.3732542593330018
423,0.39012366688600414
424,0.38761711866100407
425,0.44477859893800564
426,0.46774611728699744
427,0.5073536738799989
428,0.5122471122763315
429,0.5209026133913359
430,0.5183977918916329
431,0.5255347876576378
432,0.539250840622003
433,0.5445957061329997
434,0.5320400035063086
435,0.5225570988583096
436,0.5099736466599044
437,0.5121830618219012
438,0.49710164079450386
439,0.46645328170326456
440,0.4563986536496734
441,0.46241006986867506
442,0.47720518485816255
443,0.4943121233980018
444,0.5475027236569978
445,0.5638464304670006
446,0.5968725234225638
447,0.5957516998140797
448,0.5812440892446646
449,0.5823485745831726
450,0.5819702712228343
451,0.5756148877766635
452,0.5436749539630036
453,0.5137300458780033
454,0.3999508578799985
455,0.4469203753139933
456,0.46951889196500374
457,0.4515997717610002
458,0.42170955014199885
459,0.4242838434310006
460,0.42083927341767435
461,0.4173546576652655
462,0.41408576547526604
463,0.39938816056016335
464,0.39093258373366985
465,0.38045767641783024
466,0.355577190502497
467,0.3439548275475012
468,0.3346402948790992
469,0.330924219354102
470,0.3250264486024962
471,0.33091570460649583
472,0.3317344130170172
473,0.3301578890304519
474,0.327625005216293
475,0.3240241555786497
476,0.3212889021541505
477,0.31830525418178185
478,0.3120650189011812
479,0.3104419814253817
480,0.36416133486999364
481,0.3600649046999942
482,0.34394714869599674
483,0.33358646262299635
484,0.3299137694730007
485,0.3261891519540002
486,0.3214928144150024
487,0.3226861382439986
488,0.3199814554909995
489,0.3197987943360001
490,0.3160649048680021
491,0.3113583683070008
492,0.3153463145119986
493,0.3161168290470021
494,0.3087102458890036
495,0.30698006528300414
496,0.3040064904990007
497,0.2989476123070009
498,0.29230319914000136
499,0.2938998609450012
500,0.2906322568612261
501,0.2889697627272231
502,0.2850792767499953
503,0.28873064470199966
504,0.2886860355062229
505,0.2882771342892224
506,0.2825229485829986
507,0.2844033380659988
508,0.2838479370209978
509,0.2848252203219947
510,0.28476495139799385
511,0.29410292065399585
512,0.30978303224400255
513,0.31603894326299925
514,0.320773296378003
515,0.32701344467700405
516,0.3516176689529973
517,0.3654065603059954
518,0.4183538479969936
519,0.4769610572499938
520,0.6618523410770077
521,0.6866495134509978
522,0.6909933939669934
523,0.6701058186399935
524,0.65778303173299
525,0.6628650905629931
526,0.6507315717929922
527,0.6535679187430037
528,0.6465581823339931
529,0.6524728788960036
530,0.6509068149440049
531,0.6557403800779971
532,0.6136578579120018
533,0.5924598979249948
534,0.5799091332279918
535,0.5754724151899973
536,0.5827738757500007
537,0.5822457115080003
538,0.5966077114551607
539,0.6022447846049939
540,0.6070352343359922
541,0.6111354893789989
542,0.609133649935569
543,0.5921376526800914
544,0.5910480993466681
545,0.5863507765801628
546,0.5818193673488343
547,0.5732047986360057
548,0.5623485483136585
549,0.5606809540946596
550,0.5583311625996606
551,0.5492689235449065
552,0.5161104541180078
553,0.5090035930980062
554,0.505519587505005
555,0.5035492582390056
556,0.4934146961509987
557,0.4702727165939963
558,0.46824490056699364
559,0.4551638853309929
560,0.41037691251499386
561,0.4193709822418357
562,0.4119008463065054
563,0.4174131319765041
564,0.4086983602984866
565,0.3957291089120062
566,0.39099687198440664
567,0.39176060706440585
568,0.3906356397954201
569,0.3733492121769973
570,0.3677923041723352
571,0.36833480387333595
572,0.3780721630069134
573,0.3690709330713278
574,0.3671395457403285
575,0.36723412473099537
576,0.3377042186239993
577,0.33596940201099945
578,0.33088178034999527
579,0.32920723209799824
580,0.3343940661170026
581,0.3279054242229962
582,0.32315901729599933
583,0.32157440868899895
584,0.3292925358169949
585,0.3284506256339981
586,0.328547867598245
587,0.3281622621539944
588,0.32779786710799463
589,0.32393509475999843
590,0.3278255679342454
591,0.33498099194199765
592,0.3471126567560028
593,0.3421993512320003
594,0.3341631896060049
595,0.326305053452002
596,0.3145887808739981
597,0.3105257301340013
598,0.3202818732289984
599,0.3124079743540008
600,0.3109541029509999
601,0.3076597128600035
602,0.3131905428219997
603,0.308094576230003
604,0.31786184536099754
605,0.32325081116399557
606,0.333760778917002
607,0.3340788131580045
608,0.32198980089699897
609,0.32460361616300015
610,0.32876587875599983
611,0.3367464071400049
612,0.3515314672019981
613,0.34415356981200196
614,0.36297172012599566
615,0.4020356976719965
616,0.4076040799659944
617,0.40459248990699453
618,0.3347158089799947
619,0.40415809013799525
620,0.4811655075450075
621,0.4868215114310065
622,0.4858609179160046
623,0.4905419563409961
624,0.5137477977809943
625,0.5139211868739944
626,0.5138318843040047
627,0.5126666667360025
628,0.36528760613000005
629,0.15789577237666585
630,0.2134706321241681
631,0.1735023074521024
632,0.23981243138623548
633,0.16306656269162415
634,0.18885546858037605
635,0.17787214537948223
636,0.1957404468616737
637,0.1765000842912711
638,0.18286999029944692
639,0.1833032947375976
640,0.18656373821863098
641,0.17750143892762732
642,0.1812787069375529
643,0.19892528061639128
644,0.17643721922693895
645,0.1312368010305217
646,0.10869448699533255
647,0.32328027473438425
648,0.4308044975670023
649,0.422253098505333
650,0.40857265466082837
651,0.40809602866482936
652,0.3870403338809961
653,0.3031812700539977
654,0.37163630028500116
655,0.3869743856469976
656,0.3737986957229953
657,0.3832652030104961
658,0.3823626372114965
659,0.38309801530348697
660,0.38258925204668487
661,0.38164797848661847
662,0.38120205119859696
663,0.38169256727222667
664,0.38232445132435167
665,0.3809155260162772
666,0.3812291887134846
667,0.3823434768442847
668,0.3811511684903918
669,0.38148978197505706
670,0.38101091818906574
671,0.38094214977593294
672,0.35245440199226175
673,0.35227544963226176
674,0.35398549928679
675,0.349742118386252
676,0.3526964046232614
677,0.3529430431582588
678,0.35666514676179367
679,0.3511459201892538
680,0.34920456677362754
681,0.34577016706162444
682,0.3441956422389983
683,0.3420751046410036
684,0.3461678255240039
685,0.34583588326700393
686,0.343949003223999
687,0.348939267653999
688,0.3301205375150021
689,0.3178034304949976
690,0.31215855369999973
691,0.31365414958699905
692,0.31095966635200045
693,0.3102939268850006
694,0.30807788606300035
695,0.30635975926300285
696,0.30640055635299973
697,0.30391655071000245
698,0.29973018061200096
699,0.30105609629899804
700,0.3033351880049985
701,0.3066175244070002
702,0.31010662950900014
703,0.31380713927799675
704,0.3280621234909997
705,0.35383588297700147
706,0.38488270754899734
707,0.40239313839399604
708,0.384479369696994
709,0.2576160175520015
710,0.4532934631819923
711,0.4977644875860013
712,0.5558757533720073
713,0.569499304568001
714,0.6141084841219941
715,0.643774686973998
716,0.6681177561700054
717,0.6826286511570087
718,0.6792452480060108
719,0.6779870191790125
720,0.6616819657309972
721,0.6492267036029956
722,0.6424079742100011
723,0.6364033379160048
724,0.5993834028429964
725,0.592260546940998
726,0.5836179876750034
727,0.5990477514359982
728,0.6041872969290013
729,0.6051599440559994
730,0.6129522483760075
731,0.611766341839004
732,0.583031061464999
733,0.578413537337003
734,0.5756736206629979
735,0.5722271673629993
736,0.5606768658700049
737,0.553965692889006
738,0.5450032454529999
739,0.5454000927149946
740,0.5202679699580021
741,0.5192851234050029
742,0.5052869724269943
743,0.4059675472859957
744,0.5074390357359941
745,0.5055503013350005
746,0.481796013137994
747,0.44223087634999514
748,0.46436254087100154
749,0.4553379694659944
750,0.44352526683699883
751,0.41840333827300064
752,0.37883532059199626
753,0.3972758616647315
754,0.39122134896340377
755,0.3872199582594002
756,0.3831606447968436
757,0.3822920155145031
758,0.38382299048751717
759,0.3852645708838296
760,0.3853250060070229
761,0.38200162423708933
762,0.38736653898130546
763,0.3932044360968001
764,0.3866396268716942
765,0.3865240356093998
766,0.3826777945496045
767,0.3833129396319368
768,0.35218358833399965
769,0.34989337012700156
770,0.3474640702090029
771,0.3451831246989995
772,0.3421900789510035
773,0.34323319419200016
774,0.34252109425400046
775,0.33908576727500306
776,0.3368966158030007
777,0.3311812701670001
778,0.3247927679760011
779,0.3202559109620021
780,0.3188020396310015
781,0.3165322207449981
782,0.3129179415649989
783,0.3144135372959971
784,0.3139823826530002
785,0.31126193789200013
786,0.30853129350000047
787,0.30808715799100095
788,0.3052035237340026
789,0.30321094130099907
790,0.3042484934470024
791,0.30268150219999884
792,0.30123412140999795
793,0.2997087391103752
794,0.2996345615973729
795,0.30024003210537126
796,0.30021233200100084
797,0.3041993509250028
798,0.310292072363001
799,0.315852572756999
800,0.34001298124299995
801,0.37899582755500455
802,0.41392118691099444
803,0.4240574869879968
804,0.44982939257699656
805,0.4751070929669939
806,0.5338433007299915
807,0.5306944830100008
808,0.5444515528870018
809,0.5657023644350007
810,0.5930106632619985
811,0.6021307370800018
812,0.5965285120139991
813,0.5995586461359951
814,0.6106101068639933
815,0.6066546131590018
816,0.5960686140640039
817,0.5827139547550051
818,0.5836328236930058
819,0.5754631436100068
820,0.5555169215740019
821,0.5532090867440032
822,0.5606212330879972
823,0.5730857671879985
824,0.5811543808810005
825,0.5909503940579982
826,0.6113610466682157
827,0.6119665173162198
828,0.605386184733995
829,0.6078952249989978
830,0.6192081598169985
831,0.615363931675993
832,0.5952610109719926
833,0.6070792766879896
834,0.629643950168997
835,0.6149077421699911
836,0.6047399166759927
837,0.5987315716319992
838,0.5821965690640033
839,0.555280481794992
840,0.5421437183059991
841,0.540480296691995
842,0.5363189615300061
843,0.5126842837249977
844,0.47618358837799785
845,0.46285396389000066
846,0.4491376914290029
847,0.4156522952239983
848,0.1968484002950016
849,0.3830639775509958
850,0.395208623300998
851,0.38896349101500277
852,0.3568771439770035
853,0.3905618911849989
854,0.3904589705360031
855,0.3888048213490001
856,0.3979545665270034
857,0.4101594806139951
858,0.4104265183049953
859,0.41258414618200157
860,0.4061511253610015
861,0.41174965201499514
862,0.4046240147819959
863,0.40122948715800394
864,0.3889856284660032
865,0.38225312943699624
866,0.3807946220430037
867,0.37805655996000087
868,0.38335929566099647
869,0.38039499299600243
870,0.3812869729239962
871,0.3785656006450007
872,0.37397125649600105
873,0.3729856281690008
874,0.3692804818849958
875,0.3640074174700002
876,0.3612804823150032
877,0.3591580901539967
878,0.3563541955299964
879,0.35515623565999627
880,0.36058518809475265
881,0.3584971027337469
882,0.3539415855009975
883,0.35283634674599756
884,0.35518807262492486
885,0.3553670249089246
886,0.3513610339572531
887,0.3489261707872539
888,0.3545102794329248
889,0.35492288965792496
890,0.34932950878525393
891,0.34639765894825025
892,0.32454705616699797
893,0.32259156255200094
894,0.3261427907159961
895,0.332972646902002
896,0.340156698924998
897,0.3512916084249986
898,0.36928604554800215
899,0.3815938805440034
900,0.3903820120700003
901,0.40626611064699936
902,0.49362169705699416
903,0.5779082058480064
904,0.6616643485899987
905,0.6670644412519982
906,0.6876977285790041
907,0.6848808531799934
908,0.674193787580006
909,0.6768975429260002
910,0.6985433472890045
911,0.6924394991439968
912,0.6748085306360084
913,0.6768029672910068
914,0.6693667129239991
915,0.666815948254994
916,0.6603124713299928
917,0.65907649536599
918,0.6483106163739906
919,0.6538915160579948
920,0.6692489569030009
921,0.6750440424580042
922,0.6770069538660075
923,0.6798831708679972
924,0.691934167687992
925,0.6871247102829926
926,0.6774594346150056
927,0.6715808993100033
928,0.6732183588029983
929,0.6734742695840029
930,0.6588057484979926
931,0.6445201666000016
932,0.6200676864080049
933,0.6248780713849998
934,0.6180955031790032
935,0.5885498378890003
936,0.5426787204380079
937,0.5465785812520029
938,0.5476346775740066
939,0.5365822901279957
940,0.5373908205479976
941,0.5189967547370051
942,0.49568752881299394
943,0.483479832828998
944,0.4867946224740032
945,0.4802253131179975
946,0.46405470535500054
947,0.4527760777350038
948,0.4256940192380007
949,0.42567454757799883
950,0.4274510892029988
951,0.4212406122000018
952,0.428497913694
953,0.4220389426610015
954,0.42244135360100177
955,0.4270913308920005
956,0.4306063980359998
957,0.4262484931709973
958,0.4240417245809925
959,0.41770885504099486
960,0.3833064443240015
961,0.3795150671240044
962,0.3784042653840021
963,0.3753147889100016
964,0.37395920265799437
965,0.3706731573609963
966,0.3704997685149958
967,0.37439499320199954
968,0.36393416743599666
969,0.36115067185700095
970,0.35805841455599713
971,0.35351135869699785
972,0.35415855330899765
973,0.3531117290089974
974,0.33878442246700363
975,0.32915716274300155
976,0.31727213730600246
977,0.3140259621190009
978,0.31192489583600086
979,0.3109522486290011
980,0.3102763097200002
981,0.31068984728499904
982,0.3084784425800005
983,0.30505516936800303
984,0.303998145903003
985,0.30187297187599915
986,0.2987686602700015
987,0.29821418614000184
988,0.2975781179420029
989,0.296125174120005
990,0.30564024132500195
991,0.31056652749600255
992,0.32220491425900205
993,0.33082707457199995
994,0.3743606860509957
995,0.41076309667299976
996,0.41319610544899404
997,0.4311108022670046
998,0.4582605471599964
999,0.5072906814370036
1000,0.6347334261889949
1001,0.6257264719229988
1002,0.6377579970070034
1003,0.6629327769590011
1004,0.6795540099920026
1005,0.6651961055940021
1006,0.6593157164469956
1007,0.6522253127789955
1008,0.6237663424010038
1009,0.610466388586999
1010,0.6059137689669953
1011,0.6136402412759985
1012,0.6034316182250102
1013,0.5922262402520097
1014,0.6029624477050047
1015,0.6382892907330039
1016,0.6722568383940117
1017,0.658860454365003
1018,0.6477394529110048
1019,0.6681019934970032
1020,0.6809550303960101
1021,0.6682577653050066
1022,0.6371117291170009
1023,0.6364775148030103
1024,0.6302698195830014
1025,0.629011590445002
1026,0.622690774442994
1027,0.6127028282020016
1028,0.5975688456960062
1029,0.602017616846995
1030,0.5956958740480044
1031,0.5829652298079955
1032,0.5622067684049991
1033,0.5640667593029935
1034,0.5567148819799944
1035,0.5441863702559995
1036,0.5367324986979961
1037,0.5153555866039947
1038,0.49880945739199456
1039,0.4909578116950046
1040,0.48141770974699516
1041,0.47590264278199285
1042,0.4691191470029944
1043,0.46173296237500305
1044,0.4356458046139972
1045,0.4286286509469985
1046,0.4172851184659958
1047,0.41047287917900155
1048,0.4088576729789973
1049,0.40737320367900165
1050,0.4062781643999969
1051,0.4081891518310032
1052,0.41259990745700253
1053,0.413989800482996
1054,0.4211970329949927
1055,0.41888178003800014
1056,0.35357811780499776
1057,0.3546740841739981
1058,0.35501529871399784
1059,0.35841817295799716
1060,0.36215669902299646
1061,0.361014371867002
1062,0.3564506261349996
1063,0.3464997679650026
1064,0.3263171074449961
1065,0.32178674108799926
1066,0.32161242498500003
1067,0.3217264718409963
1068,0.3187195182030014
1069,0.30899304619999896
1070,0.3077570703880028
1071,0.30637552177900357
1072,0.30434863211000257
1073,0.30379693990800277
1074,0.3056569307020018
1075,0.3032229946410022
1076,0.3019026425569984
1077,0.3034687063130014
1078,0.30266017614499874
1079,0.2978766804790009
1080,0.30202410748599984
1081,0.3094872505919974
1082,0.3128317103670015
1083,0.30753082969600065
1084,0.30590542396299963
1085,0.3028613815499984
1086,0.30662586912800094
1087,0.3047362078579987
1088,0.31035048681900024
1089,0.31696522930399723
1090,0.3664228094040013
1091,0.38732127949100464
1092,0.39649049571499745
1093,0.4218831709900023
1094,0.4747751507089956
1095,0.5254881778639988
1096,0.5848020400769921
1097,0.5968715808009935
1098,0.602006490712
1099,0.5937997217300005
1100,0.6114445993300017
1101,0.6249142329430032
1102,0.6242586928060031
1103,0.610596198130002
1104,0.6145795084940019
1105,0.6194130734590103
1106,0.6073824758780052
1107,0.5939508576649954
1108,0.5676513675489987
1109,0.5569819190340033
1110,0.554483078012004
1111,0.5790839129180032
1112,0.6704172462739947
1113,0.653762633480002
1114,0.6304942049750124
1115,0.6403625404400094
1116,0.6524348631659994
1117,0.6550913303269938
1118,0.6241447610367581
1119,0.6331480065047569
1120,0.6309624478979947
1121,0.6301084842800014
1122,0.6309968709797483
1123,0.6184859758777442
1124,0.5902559107449988
1125,0.5995484466369903
1126,0.5702373664089926
1127,0.5513583678339934
1128,0.5228808529509974
1129,0.5144126103330037
1130,0.5010700045119969
1131,0.49059527142400683
1132,0.47905795054900013
1133,0.46233472382699514
1134,0.4509800648249961
1135,0.45204172441400436
1136,0.4362206767840046
1137,0.43231988850400116
1138,0.4200936486209943
1139,0.41019935109900474
1140,0.4039480759249969
1141,0.40700602684900294
1142,0.40756606398400386
1143,0.40747426966699685
1144,0.40883624398221713
1145,0.4093313760342175
1146,0.40996188146821844
1147,0.4044960593350018
1148,0.3957811776150048
1149,0.3927677328380054
1150,0.39199629137100067
1151,0.38855076505200004
1152,0.3825173855809979
1153,0.38025034806499447
1154,0.374267964831999
1155,0.3696782567319963
1156,0.36990542429899553
1157,0.3686230877159954
1158,0.36389893381000216
1159,0.36140287444500396
1160,0.3205730183369989
1161,0.315317571002999
1162,0.31435419572499756
1163,0.3096346780950028
1164,0.32726286534199633
1165,0.3250931848479989
1166,0.31929068140799843
1167,0.308369958424003
1168,0.30597218366
1169,0.30263060863877583
1170,0.30155318617377536
1171,0.301518879188775
1172,0.30108576729900366
1173,0.2975401023380021
1174,0.2963829396260017
1175,0.29938711170899857
1176,0.29140101979500493
1177,0.29371905434300266
1178,0.2904608254440016
1179,0.29502549853800447
1180,0.2920556326720051
1181,0.2947195179530028
1182,0.29315159968200516
1183,0.30381733872700223
1184,0.3073064443510006
1185,0.3109244320889993
1186,0.3463885025130002
1187,0.35751135823600316
1188,0.3893908203070044
1189,0.4275373204559982
1190,0.47374872542700014
1191,0.4926898471750015
1192,0.5620064903449962
1193,0.5829754289580013
1194,0.5954186368920031
1195,0.5918229019210073
1196,0.5699740376840002
1197,0.5759054243290032
1198,0.5770625872060001
1199,0.5688261471990002
1200,0.5663050530839918
1201,0.559553083080994
1202,0.5578822439639912
1203,0.5611293463509922
1204,0.5404061196829997
1205,0.5308743626419999
1206,0.5354668522599909
1207,0.571538247714
1208,0.579029207219997
1209,0.5595929530969989
1210,0.5543486323280028
1211,0.5732851182060069
1212,0.5931571626369962
1213,0.5877079277119925
1214,0.5701409364999961
1215,0.5498618449660021
1216,0.5338609176879988
1217,0.5402772365930064
1218,0.5456179880950026
1219,0.5408187295399959
1220,0.5504237364310053
1221,0.5575605005980013
1222,0.5525433473940058
1223,0.5484738061680038
1224,0.523445526143997
1225,0.5169021788159996
1226,0.502903106162994
1227,0.5002577652679963
1228,0.5015465924299923
1229,0.48609272121399494
1230,0.4716309687649932
1231,0.46562262370700125
1232,0.43836346756899847
1233,0.4346369957330038
1234,0.42247566047699264
1235,0.40870653676000307
1236,0.3988178026699947
1237,0.3946777931509953
1238,0.3898395921609986
1239,0.38863989318262315
1240,0.38613073736899234
1241,0.37937876712699403
1242,0.3852489570199981
1243,0.3860520400966242
1244,0.40920908663199657
1245,0.407860918086003
1246,0.41184608246400234
1247,0.40332777024899813
1248,0.3404394991149995
1249,0.3411145106419979
1250,0.3354019473179988
1251,0.33195178484500326
1252,0.33472229985000435
1253,0.33169587410000134
1254,0.32054242025299806
1255,0.31227630960200115
1256,0.31036068647800347
1257,0.3082225312550022
1258,0.3032331939179976
1259,0.3097598513440015
1260,0.3182401485580011
1261,0.3146592490600028
1262,0.29968103862800166
1263,0.2950236442640012
1264,0.291663421662005
1265,0.28873354184162603
1266,0.2900520401206282
1267,0.28694865588562146
1268,0.28894853999500075
1269,0.287308414499624
1270,0.2868132826296215
1271,0.28565982882661933
1272,0.28276495123299755
1273,0.2815067222719987
1274,0.28195642118799863
1275,0.27773574420700003
1276,0.2810755677199978
1277,0.28065553989599795
1278,0.28400463627599465
1279,0.2823653223189952
1280,0.2994019472860051
1281,0.3139286047830038
1282,0.35864348605799706
1283,0.3625461288660031
1284,0.38389707908799914
1285,0.3958154846249936
1286,0.41793138617900305
1287,0.4338451551169967
1288,0.5486351411600017
1289,0.5623069075089953
1290,0.5665739452019976
1291,0.575247102128007
1292,0.5940899399100069
1293,0.6076179882700016
1294,0.5975892443779972
1295,0.5736077884220016
1296,0.5870023178930085
1297,0.579332406260005
1298,0.5770579507879998
1299,0.5758451553080057
1300,0.5698664813590051
1301,0.5674742700960053
1302,0.5696207693470007
1303,0.5764218824890015
1304,0.5913852571760065
1305,0.5901427910189947
1306,0.5766796477049969
1307,0.582030598232999
1308,0.5846342144370051
1309,0.5808706540379995
1310,0.5765025498790047
1311,0.5713166434959953
1312,0.5272146503309999
1313,0.5219406586270023
1314,0.512594344166996
1315,0.4342021327869997
1316,0.4969049603209952
1317,0.4901835882129964
1318,0.4904598978340051
1319,0.46387575346900833
1320,0.4476847474610041
1321,0.4291534538449941
1322,0.41901066291599487
1323,0.41305053299600136
1324,0.42567640229000125
1325,0.4205099675440019
1326,0.41589058905499704
1327,0.4027380619719956
1328,0.3859712561400059
1329,0.37781084807600673
1330,0.3683736669099991
1331,0.35518683365400405
1332,0.33947519672800347
1333,0.3402929992910011
1334,0.3351506721470003
1335,0.33926657392900006
1336,0.3481566988210036
1337,0.3490792765380024
1338,0.3491617985019997
1339,0.3471339820910026
1340,0.34217338871600006
1341,0.33971998148800453
1342,0.33642651837500714
1343,0.3374779786260059
1344,0.2787270515499978
1345,0.27983518780399863
1346,0.27881096439599795
1347,0.27716483520019686
1348,0.2743566293450012
1349,0.2755113101941687
1350,0.2766193787469985
1351,0.27473136283320065
1352,0.27623513356679846
1353,0.2750919486941674
1354,0.27390020844650126
1355,0.2751511935544974
1356,0.27412517877693554
1357,0.2750798559679971
1358,0.27225173844599637
1359,0.27241776782849675
1360,0.2763365536952466
1361,0.27266168672349633
1362,0.2736087542239964
1363,0.26952569141566735
1364,0.2698094130146137
1365,0.2682794255429509
1366,0.26650813261163103
1367,0.2668114278570013
1368,0.2672739918680024
1369,0.2652483308322021
1370,0.26231084848400177
1371,0.2607227631619983
1372,0.2651468477389984
1373,0.2628375175542014
1374,0.2626713417120029
1375,0.2651940582600018
1376,0.27101993521100226
1377,0.2755883173110026
1378,0.2864411217280016
1379,0.29905725573600334
1380,0.321448713662998
1381,0.34128009027533235
1382,0.40332226483600414
1383,0.4250417244810053
1384,0.48817698220099975
1385,0.4997203293929957
1386,0.5100283959189931
1387,0.5203517618769964
1388,0.513667246078997
1389,0.5055984004300015
1390,0.49578106163999824
1391,0.499711810248003
1392,0.5000238756790024
1393,0.5019942050449975
1394,0.5117032914559998
1395,0.5083344925600037
1396,0.5035268117366638
1397,0.49859032601466896
1398,0.5144643021969949
1399,0.5290635144669962
1400,0.5506323599610009
1401,0.5488492116900044
1402,0.5527744552209949
1403,0.5525966617899987
1404,0.5686627261470011
1405,0.557867408220995
1406,0.5531307369369931
1407,0.5315730180709939
1408,0.5243612659160019
1409,0.518383171216996
1410,0.5133719283799928
1411,0.4950347704480032
1412,0.49810465902500384
1413,0.48810013879700453
1414,0.4699516686600045
1415,0.4668484003500039
1416,0.44596047728600374
1417,0.43156757045599864
1418,0.4224152759920008
1419,0.4251695644179954
1420,0.4195749885772536
1421,0.4185157049600871
1422,0.40905487951808794
1423,0.3921899628429984
1424,0.37190565583200247
1425,0.36588154860300415
1426,0.36110720891400155
1427,0.3438919218729999
1428,0.33287192852999575
1429,0.33749942073600336
1430,0.33535987512400023
1431,0.3358234817040036
1432,0.3391874362063552
1433,0.3372065020923599
1434,0.32680820598601995
1435,0.3208183046606667
1436,0.3089218820260027
1437,0.29757487222300183
1438,0.2948535193775347
1439,0.2925394256965375
1440,0.286621349222998
1441,0.2845324524039949
1442,0.2868363468739988
1443,0.28277343500220237
1444,0.2854507420109956
1445,0.2853620285041641
1446,0.28661381541799896
1447,0.2814883168431992
1448,0.2767112581470507
1449,0.27722407676441513
1450,0.2750409131707511
1451,0.2746378071330012
1452,0.2772749241939337
1453,0.27707035227699695
1454,0.2766621465929977
1455,0.274382012136501
1456,0.27284335576528856
1457,0.27245231257770847
1458,0.2722700381586639
1459,0.2719889892440019
1460,0.2714786161968723
1461,0.2717331939821752
1462,0.27044558409029734
1463,0.26914789081200174
1464,0.2601455727729976
1465,0.26223643954299836
1466,0.26073528024200293
1467,0.25485836836399883
1468,0.2563087618859971
1469,0.2560658321020015
1470,0.25875289746200186
1471,0.2538331018389985
1472,0.26305980523800215
1473,0.26640982851700296
1474,0.2722304123330018
1475,0.28132255467599976
1476,0.28612789768899805
1477,0.3042107614640004
1478,0.36488276526899394
1479,0.38940762641599636
1480,0.45143103837999815
1481,0.45951912380400106
1482,0.46968196577399374
1483,0.48206177592300237
1484,0.4747065368810003
1485,0.47694853981800045
1486,0.4918191936909947
1487,0.47754381100299387
1488,0.477427909268001
1489,0.4735753359519945
1490,0.4893963842380019
1491,0.4811126565259961
1492,0.48180435777600183
1493,0.473482614956995
1494,0.4569661569649976
1495,0.45602688908700384
1496,0.4834520165459993
1497,0.4956819658529958
1498,0.4999304590960021
1499,0.4952841912859957
1500,0.490659249086006
1501,0.4907658786409996
1502,0.49429485385900446
1503,0.49404357898199475
1504,0.48508576717100366
1505,0.478844692011001
1506,0.4727964768529942
1507,0.4657663423539943
1508,0.42914777499699536
1509,0.42559260579800046
1510,0.42257939267400163
1511,0.42377746852699366
1512,0.4130755680149977
1513,0.40275301318600376
1514,0.39031988874300433
1515,0.38042443209000165
1516,0.3721641167159945
1517,0.371090403040994
1518,0.3670041720389942
1519,0.35956687539799626
1520,0.3566012978700027
1521,0.3584662722850029
1522,0.36353662473399767
1523,0.3587236904730011
1524,0.34222160413099834
1525,0.3433704216829983
1526,0.33705238786600433
1527,0.3338576728650045
1528,0.335868567554004
1529,0.33972832639700234
1530,0.31528372734900073
1531,0.30512957809700153
1532,0.2971061659890049
1533,0.2915315253590018
1534,0.29092814082700436
1535,0.29110802038700584
1536,0.2774758927159966
1537,0.27385280485599583
1538,0.27684932750599633
1539,0.2801168286539976
1540,0.2792211408219969
1541,0.27802874378599696
1542,0.2802076958569982
1543,0.2838544271959983
1544,0.27891063971299884
1545,0.27521940177875137
1546,0.27744088993274935
1547,0.27258321737899666
1548,0.2764541412919973
1549,0.2741492812120014
1550,0.27469007880000135
1551,0.2719596663429972
1552,0.27052878890416493
1553,0.2688169785346685
1554,0.26704414568266893
1555,0.264258461099003
1556,0.26587946194100087
1557,0.26434677770799947
1558,0.2625453981806145
1559,0.261764684330615
1560,0.2624645343360014
1561,0.26304682417599884
1562,0.2649607091927517
1563,0.2611276080927519
1564,0.2574770514789962
1565,0.2566852109799974
1566,0.25788131649399715
1567,0.25741029201899684
1568,0.2554779785469985
1569,0.2525136763830026
1570,0.26101529891800196
1571,0.2747111729309997
1572,0.2763948773149972
1573,0.29562772353300076
1574,0.32776251765899733
1575,0.3518701902809971
1576,0.39645062586800295
1577,0.4096467313779965
1578,0.4189670840610011
1579,0.4294121465640059
1580,0.44171070971100174
1581,0.4669392678840007
1582,0.46543810874299424
1583,0.4563022714799933
1584,0.45011404745299444
1585,0.44488734376299616
1586,0.4397561430900053
1587,0.4360296711089959
1588,0.4329624480059928
1589,0.4267825684579998
1590,0.4247705144840022
1591,0.4427575337790048
1592,0.47001390791499886
1593,0.4620222528429959
1594,0.4616328230459942
1595,0.4560064902540035
1596,0.4781047748570081
1597,0.47592767717600676
1598,0.47040148346099375
1599,0.475156235181998
1600,0.4634649979240056
1601,0.45405006956500504
1602,0.4488623090200053
1603,0.4406546128140062
1604,0.44845248055300496
1605,0.44746499762300546
1606,0.4411172924819987
1607,0.4380296708740049
1608,0.41370421887600145
1609,0.39866759371300486
1610,0.38760326862575073
1611,0.3825295550027498
1612,0.3770023181800001
1613,0.37443949913399915
1614,0.36740472843399585
1615,0.3557774687300012
1616,0.34718741325900554
1617,0.3399109874710043
1618,0.3327074641319962
1619,0.32930737127399445
1620,0.3197051462280011
1621,0.3162920720780019
1622,0.30542605450999816
1623,0.2946128880179984
1624,0.29349744986899967
1625,0.2898210474829996
1626,0.2926036162360044
1627,0.2968734350469982
1628,0.3092016688040006
1629,0.3113676399160019
1630,0.3099962911540011
1631,0.3087037551200006
1632,0.2715892446440011
1633,0.26853778377900156
1634,0.27296893847300213
1635,0.2746499767949983
1636,0.2750857673119971
1637,0.27025127468799726
1638,0.2687519703200013
1639,0.2707482611490014
1640,0.26737331921474755
1641,0.26609561877575044
1642,0.2609588549127476
1643,0.2609967545020028
1644,0.2674036982892231
1645,0.2683939629782243
1646,0.26915242366421993
1647,0.2674028743730018
1648,0.2651301706403304
1649,0.26434760203833163
1650,0.2630003608163346
1651,0.2630476483793327
1652,0.2663764488310018
1653,0.2658610337597521
1654,0.2618730523878649
1655,0.26102360854111417
1656,0.2608474733439988
1657,0.25845062577400063
1658,0.25273620758699844
1659,0.24775799714899882
1660,0.24509596668399955
1661,0.24204450601100272
1662,0.24305331493299615
1663,0.24436068603000197
1664,0.24466759408999494
1665,0.24459990722699815
1666,0.24984422800699738
1667,0.26293184972299694
1668,0.28079833121699826
1669,0.2913407509389994
1670,0.32543069114099604
1671,0.3367426984309993
1672,0.35436346798499546
1673,0.3775818266059945
1674,0.3981696803239964
1675,0.4071033845220035
1676,0.34215855369199616
1677,0.42322299473999736
1678,0.44093555856299627
1679,0.451644876805001
1680,0.4446629577849939
1681,0.4652721374619942
1682,0.4580686135690039
1683,0.4513286970360041
1684,0.46162076944899105
1685,0.47051274935699866
1686,0.45127862768000454
1687,0.4597746872850052
1688,0.47212239219599234
1689,0.4777348167649963
1690,0.4449958278290053
1691,0.44951877634
1692,0.4707927674739947
1693,0.46992489593700326
1694,0.4502772371519989
1695,0.457752433889001
1696,0.4694473804770004
1697,0.464230876480005
1698,0.4400880853490062
1699,0.4372276312210025
1700,0.4245767272099938
1701,0.4196940198259952
1702,0.40943625421500063
1703,0.4098470095369958
1704,0.4055039408170023
1705,0.3979137694049986
1706,0.38535106642374867
1707,0.3763598749607458
1708,0.36625776507699764
1709,0.36266388465400134
1710,0.36103847929900335
1711,0.3539508574689999
1712,0.3475277007370054
1713,0.34174038034800214
1714,0.33678998604800414
1715,0.33353546577800475
1716,0.33054427454000257
1717,0.3302206766300047
1718,0.32312656482699925
1719,0.3157301810740001
1720,0.3045062584600015
1721,0.2901826611840002
1722,0.2879415857059999
1723,0.28489939732499847
1724,0.2890709316489971
1725,0.28457858106300243
1726,0.2813157162859993
1727,0.28083912825399815
1728,0.2758331017829986
1729,0.2720389428520017
1730,0.2681483540920019
1731,0.26563560525800195
1732,0.26628743629999857
1733,0.2643226701899982
1734,0.2635030132359982
1735,0.26185257293900105
1736,0.2579472648667517
1737,0.25874837743774814
1738,0.2589375292117471
1739,0.26048771457200137
1740,0.26624390857289115
1741,0.2667232780818911
1742,0.2668159994348907
1743,0.26614758122666854
1744,0.2631643613935807
1745,0.2644995494175801
1746,0.26325801000658183
1747,0.2622223124235844
1748,0.2601159018209983
1749,0.2621688691117515
1750,0.2617597906831699
1751,0.2624022336104178
1752,0.2603078350420007
1753,0.25803987010899726
1754,0.257367640273997
1755,0.25628372753700274
1756,0.25812239218199745
1757,0.2605377842100009
1758,0.25871673632799813
1759,0.259936949454002
1760,0.2578266110579967
1761,0.2579258228459973
1762,0.26046082531400067
1763,0.2660296709280017
1764,0.2887575334249999
1765,0.2966898466709975
1766,0.31423180342699825
1767,0.32218080672299754
1768,0.34417617040900306
1769,0.34786740836499974
1770,0.3667844226469971
1771,0.3758562815790049
1772,0.38327491892900395
1773,0.40100695391300434
1774,0.40526008365200433
1775,0.40688548941400465
1776,0.41237737609099556
1777,0.41444042683699467
1778,0.4111515995609949
1779,0.4145989801330013
1780,0.41348446903900077
1781,0.41151414003599573
1782,0.40206675919199514
1783,0.4018766804650037
1784,0.41146592507200297
1785,0.41229670852599554
1786,0.41328511833799375
1787,0.4180454336219948
1788,0.43998516469899923
1789,0.44790449703800234
1790,0.4594761242909949
1791,0.4466165970719948
1792,0.4472322669009948
1793,0.4433936020529963
1794,0.4291794156989999
1795,0.4165526194080016
1796,0.3963894297199983
1797,0.3945053313900024
1798,0.3865600373879964
1799,0.3821483545339997
1800,0.36705795055
1801,0.3664478438299965
1802,0.3592480293719959
1803,0.3498201201839966
1804,0.34860547055400226
1805,0.34298470082500054
1806,0.3374038015930055
1807,0.33620769610000095
1808,0.329746870511995
1809,0.32850996774899466
1810,0.3218414467790013
1811,0.31840055658499855
1812,0.30899304619500406
1813,0.30744367180500404
1814,0.3092331941630012
1815,0.30703940642500155
1816,0.3037802500350021
1817,0.29939534039337234
1818,0.2988844456203722
1819,0.2970171533180002
1820,0.2967825686340025
1821,0.2975687299103764
1822,0.2966684050323764
1823,0.29407603123400117
